0,
-4.58636e-12,
-4.58636e-12,
-6.11514e-12,
-0.250674,
11.2571,
25.9664,
-39.4376,
-969.342,
-397.482,
1200.99,
1040.45,
-666.887,
-540.584,
-239.168,
665.409,
-1069.76,
-283.082,
1516.39,
1089.94,
2.95462e-12,
-1.47731e-12,
-1.47731e-12,
2.95462e-12,
3.42923e-12,
-3.04577e-27,
3.04577e-27,
-6.85846e-12,
1.73689e-12,
-2.60534e-12,
-2.60534e-12,
0,
-7.49397e-12,
1.24899e-12,
1.24899e-12,
-2.49799e-12,
0,
4.54065e-13,
4.54065e-13,
-4.54065e-12,
0,
8.40978e-12,
8.40978e-12,
-1.68196e-11,
-195.712,
185.961,
346.543,
-101.703,
121.489,
173.429,
188.919,
-148.423,
-139.525,
360.125,
656.48,
-362.353,
-167.982,
250.678,
425.96,
-143.161,
0.321154,
0.0118763,
0.0117081,
-0.176773,
0.6149,
-0.892125,
-0.893122,
0.0629838,
0.51266,
-0.694677,
-0.695136,
-0.202728,
0.197456,
-0.152003,
-0.15154,
-0.502011,
0.281802,
-0.325501,
-0.325828,
-0.0586447,
-1795.14,
-933.404,
861.187,
1390.79,
-23.9253,
-0.0816982,
2.81703,
5.73884,
-2.10584,
-1.03594,
-0.668138,
-0.2203,
0,
-4.08145e-12,
-4.08145e-12,
6.31967e-12,
0,
0,
0,
-1.37846e-11,
0,
4.5236e-12,
4.5236e-12,
1.80944e-11,
-5.66889e-12,
2.83444e-12,
2.83444e-12,
1.13378e-11,
-1.09224e-11,
-2.73061e-12,
-2.73061e-12,
2.18449e-11,
6.7196e-12,
-1.30455e-11,
-1.30455e-11,
-1.00794e-11,
-0.00694727,
-0.00199974,
0.000360954,
0.00558432,
-0.00765322,
-0.00387145,
0.00448859,
0.00282657,
-0.00625232,
-0.00101472,
0.00168515,
0.00469354,
-11.8103,
7.83723,
10.4847,
-4.12179,
-8.48331,
2.40901,
4.15793,
-2.27084,
-164.693,
103.381,
132.809,
1.13715,
-59.4682,
27.8452,
37.9544,
-0.931985,
-52.7815,
19.1522,
28.7572,
-5.06403,
-130.351,
81.1766,
104.164,
-3.22904,
-74.5904,
46.7134,
59.022,
1.01237,
-142.3,
72.3319,
96.6521,
-0.353561,
-43.9363,
-0.940506,
4.58307,
9.36767,
-7.82484,
15.3953,
16.4234,
1.50091,
-40.5944,
101.642,
111.983,
-17.1907,
-113.706,
125.895,
149.491,
-19.9482,
-49.5859,
71.9162,
80.277,
0.617502,
-33.4914,
86.4145,
98.7676,
-37.5757,
-0.513724,
-0.0577728,
-0.0577562,
0.501044,
-0.185961,
-0.098808,
-0.0988671,
0.235939,
-36.7359,
-37.7999,
-29.8365,
-37.7642,
-31.271,
10.6657,
23.8997,
-2.50095,
-15.7099,
23.0482,
39.6166,
-30.2779,
-205.326,
-44.9114,
-13.8761,
-15.3425,
-0.000413125,
-0.000241298,
-0.00447663,
0.0028584,
-344.67,
2.30045,
578.085,
49.6002,
-127.444,
-18.1251,
35.0453,
7.66983,
-653.45,
-98.8978,
171.255,
20.893,
-0.0201859,
-0.1395,
-0.139494,
0.0137338,
-0.0952919,
-0.318385,
-0.318603,
0.305798,
-0.0279147,
-0.394837,
-0.394703,
-0.100233,
0.55068,
-0.126078,
-0.126535,
-0.0916942,
-0.0948316,
0.159177,
0.159589,
-0.213612,
4.33972,
-2.45155,
-2.55874,
0.12588,
2.95683,
-42.0172,
-44.3946,
77.3822,
11.0144,
-18.8784,
-20.0641,
37.0616,
-2937.06,
-1603.5,
3770.02,
1505.45,
-968.128,
-190.581,
2779.84,
917.793,
-1103.2,
-1700.62,
746.33,
654.971,
0.018138,
0.0498594,
0.0499594,
-0.112624,
0.235373,
-0.0135212,
-0.013572,
-0.192015,
0.174716,
0.0853267,
0.0856229,
-0.422446,
0.0034156,
0.0788787,
0.0790603,
-0.169101,
-0.0200072,
0.10968,
0.109966,
-0.207533,
-0.0208242,
0.0647016,
0.0648813,
-0.135064,
2.42914,
6.15942,
6.14218,
-0.6052,
-23.5816,
7.76818,
11.1374,
3.18216,
-35.8413,
11.7393,
17.146,
3.53574,
-42.8093,
8.20781,
12.9946,
13.58,
-9.13586,
-3.67423,
-2.25421,
0.210298,
-38.4061,
3.16492,
8.32428,
6.9146,
-55.2885,
28.2754,
37.6799,
-1.15961,
-31.997,
18.0591,
24.1178,
-4.00616,
-8.58336,
-40.3053,
-45.3458,
127.589,
13.0661,
-18.6109,
-20.6783,
47.8817,
1375.12,
72.8675,
-280.223,
-458.113,
-4.69418,
768.817,
794.379,
-101.005,
-1.23115e-12,
6.61744e-12,
6.61744e-12,
-6.15576e-13,
0,
-4.58619e-13,
-4.58619e-13,
1.83448e-12,
9.66685e-12,
-6.18184e-26,
6.18184e-26,
-3.86674e-12,
0,
-2.3143e-12,
-2.3143e-12,
1.85144e-12,
0,
5.23613e-12,
5.23613e-12,
7.28505e-12,
-2.87557e-12,
2.87557e-12,
2.87557e-12,
0,
-3.30737e-12,
1.07489e-11,
1.07489e-11,
0,
0,
1.25993e-11,
1.25993e-11,
1.34392e-11,
6.61473e-12,
-1.24026e-11,
-1.24026e-11,
0,
-208.503,
244.298,
393.481,
-67.3701,
-268.737,
111.699,
257.101,
-17.9154,
-269.762,
275.968,
498.764,
-135.348,
-192.844,
152.239,
241.832,
12.6109,
-365.154,
274.905,
497.489,
-60.1648,
-360.474,
201.845,
416.905,
-56.8488,
941.641,
-313.426,
-1399.6,
97.2285,
-0.00476668,
0.00109029,
0.00329224,
0.00349539,
777.48,
351.783,
-388.7,
-293.91,
-0.00103696,
-0.000646128,
0.00957844,
-0.0048662,
-0.00535235,
-0.00191405,
0.00607587,
0.000739345,
-0.00677871,
0.00266222,
0.00640207,
0.0046195,
-0.00406969,
0.000345693,
0.00593266,
0.000844053,
-64.3153,
296.73,
321.736,
-68.5133,
-28.4454,
5.95518,
9.7018,
5.24478,
-27.4301,
14.5301,
19.2463,
-0.274018,
-19.4235,
11.7175,
15.0809,
-0.417832,
-71.2159,
31.8193,
42.1888,
13.7766,
-184.459,
111.394,
143.816,
6.35787,
-134.222,
82.9868,
104.063,
20.3855,
-117.204,
164.387,
188.633,
-10.7977,
-136.913,
116.341,
133.719,
40.3221,
-111.721,
71.8484,
88.5927,
21.2683,
-110.205,
220.336,
250.618,
-44.7081,
-35.2478,
179.984,
189.159,
-13.5564,
-5.99053,
1.91565,
3.07186,
-1.08553,
-5.64326,
1.61346,
2.69709,
-0.965267,
-13.8073,
5.52615,
8.45606,
-3.64326,
-11.1095,
2.99536,
5.29253,
-2.84448,
-77.0386,
27.3888,
40.7976,
-2.24171,
-103.68,
35.6069,
53.1293,
-0.831813,
-69.7634,
17.0128,
25.8268,
15.7266,
-70.0088,
35.2947,
43.8619,
18.0254,
-69.7995,
36.7395,
47.2905,
6.43381,
-70.9324,
36.5734,
46.1841,
13.1878,
-60.623,
41.105,
48.0004,
18.6538,
-88.7271,
49.0882,
62.3253,
9.05111,
-102.445,
98.4946,
115.961,
-0.809263,
26.4157,
32.5334,
29.6559,
-9.43462,
-32.2807,
46.1313,
53.4676,
-11.4798,
13.364,
19.4035,
17.8562,
-4.14151,
36.7016,
18.7596,
14.7041,
-12.3173,
1.41648,
7.96982,
6.94743,
4.83543,
-0.74365,
-0.0273003,
-0.0239829,
0.0580175,
-7.30629,
151.16,
171.544,
-97.5337,
2.17853,
0.668937,
0.657637,
-0.336856,
-3.15884,
1.54446,
1.55873,
0.626458,
-0.624446,
0.572222,
0.573278,
0.437856,
0.00113428,
0.324645,
0.323391,
0.235622,
-0.0828457,
2.96233,
2.96084,
0.329634,
2.74417,
2.41666,
2.406,
-1.1696,
34.2674,
-13.399,
-19.6533,
1.71096,
-31.778,
4.4879,
8.98275,
5.92558,
-46.0136,
19.8399,
25.3789,
14.9442,
-56.5745,
235.432,
256.241,
-53.1422,
62.4958,
382.861,
443.811,
-328.778,
89.2726,
296.537,
337.617,
-279.946,
-3721.81,
-924.547,
2059.2,
477.419,
-1243.98,
-541.065,
1082.85,
396.424,
-406.356,
-132.016,
594.895,
-118.603,
-631.561,
-120.03,
168.867,
-11.6682,
-1786.71,
-292.924,
578.971,
79.7406,
-662.443,
-119.192,
408.223,
-127.525,
-710.052,
50.1969,
704.682,
-147.762,
-283.918,
251.616,
757.067,
-388.839,
80.7684,
251.763,
578.07,
-551.184,
-256.524,
56.0842,
404.401,
-256.353,
-767.259,
116.261,
578.166,
-66.2187,
-320.194,
113.154,
322.033,
-70.5377,
-233.572,
292.951,
553.698,
-219.921,
-517.826,
286.378,
708.702,
-213.362,
-346.425,
-51.6769,
93.2483,
7.97186,
-461.631,
-83.3551,
105.189,
13.6626,
-206.704,
-37.1151,
49.8004,
4.00587,
-249.055,
-36.9449,
65.8722,
14.4399,
-586.214,
40.6781,
319.329,
5.99212,
-0.312246,
-0.279633,
-0.2793,
0.0470807,
-10.6801,
-8.71291,
-5.15343,
-19.7154,
-16.6497,
-27.7732,
-22.1141,
-37.97,
-22.0805,
-21.9256,
-17.9176,
-14.5051,
-16.628,
-19.9309,
-18.3778,
0.203759,
-0.451295,
-6.64224,
-5.35502,
-11.9619,
-4.03875,
7.4057,
6.74419,
19.0746,
-5.1026,
17.1051,
16.2548,
15.8425,
1.80994,
6.96416,
4.33488,
30.5061,
21.7197,
32.2663,
28.9578,
27.7335,
0.065583,
-0.215795,
-0.215489,
-0.334327,
-0.597878,
0.166046,
0.168909,
-0.315666,
-13.3369,
0.887004,
-9.67782,
146.054,
13.1678,
22.4631,
19.6108,
36.9161,
8.24242,
12.5999,
11.9687,
32.4291,
4.78078,
-1.59991,
-1.76864,
9.75717,
0.181058,
-0.451651,
-0.452038,
0.033009,
0.17331,
-0.241441,
-0.240817,
-0.465037,
0.651212,
-0.261864,
-0.262606,
-0.430771,
0.810719,
-0.116835,
-0.118385,
-0.342895,
8.95414,
-16.2566,
-16.906,
17.9348,
6.37884,
-5.20374,
-5.43632,
3.46499,
9.8732,
-11.9153,
-12.3366,
8.60395,
7.35876,
-3.76779,
-3.94606,
-0.112398,
18.2569,
-19.0701,
-19.5196,
-0.695557,
-0.934126,
-1.17282,
1.20055,
-36.5183,
-15.0144,
216.595,
230.306,
-68.4079,
348.728,
-173.413,
-221.591,
74.2147,
740.713,
335.598,
226.426,
-156.255,
-69.4071,
213.89,
220.968,
23.3808,
1.19974,
2.53409,
2.53137,
-0.791116,
-0.0153806,
-0.0816017,
-0.0820745,
0.331172,
-0.165235,
-0.139886,
-0.140311,
0.434431,
-0.620928,
-0.994124,
-0.994271,
0.703405,
0.452319,
0.968293,
0.966774,
0.509915,
-0.0571366,
-0.435652,
-0.435387,
-0.111059,
0.0298047,
-0.196881,
-0.196629,
-0.206327,
0.0369318,
-0.394523,
-0.391559,
-2.26133,
9.96223,
-5.31729,
-5.32392,
-9.65625,
-27.7485,
11.8781,
15.9948,
3.31843,
-36.8081,
13.0093,
18.2717,
5.42469,
-40.683,
16.4565,
22.5057,
4.46419,
-8.82518,
-3.35417,
-2.02639,
0.478243,
-18.6918,
-4.17273,
-1.29412,
0.644236,
-27.7045,
-8.49553,
-4.29227,
1.24807,
-7.09701,
-1.32302,
-0.335029,
0.924885,
-19.7291,
2.9041,
5.51061,
3.76211,
-17.5733,
0.327389,
2.56637,
3.71985,
-5.89493,
-0.798143,
0.0161097,
0.795717,
-7.30578,
-1.03689,
-0.229415,
2.23699,
6.08561,
-22.435,
-22.5441,
-4.45185,
-3.61235,
-4.0976,
-3.78471,
-1.73632,
335.308,
-1008.16,
-1221.93,
-241.05,
-256.69,
949.76,
1515.27,
-896.179,
1971.87,
-820.945,
-703.411,
-2114.95,
-15641.9,
-2878.14,
7762.04,
1433.19,
-13734.5,
-2561.71,
6801.31,
1272.13,
447.317,
-2108.15,
1756.74,
-2766.85,
-356.855,
-267.062,
1171.24,
-573.166,
599.383,
-1088.84,
-1295.43,
-415.529,
-0.94554,
40.369,
39.5221,
6.68548,
-48.591,
96.1063,
99.8633,
25.2953,
-68.7399,
57.221,
68.0034,
1.96834,
146.482,
-35.8449,
-62.6614,
48.7843,
59.7516,
-51.4945,
-64.7472,
56.7407,
-22.6233,
41.4201,
50.4795,
-61.5403,
-4.20909,
34.5749,
35.5105,
-4.16842,
-6.04665,
5.3471,
10.443,
-37.2857,
3.35098e-13,
2.80644e-12,
2.80644e-12,
-2.68078e-12,
0,
-4.56155e-13,
-4.56155e-13,
1.82462e-12,
0,
-5.5049e-13,
-5.5049e-13,
3.30294e-12,
1.16099e-12,
8.70741e-13,
8.70741e-13,
1.16099e-12,
0,
1.45905e-11,
1.45905e-11,
0,
0,
5.34559e-12,
5.34559e-12,
1.06912e-11,
-5.9763e-12,
2.98815e-12,
2.98815e-12,
5.9763e-12,
8.70554e-13,
0,
0,
-8.70554e-13,
-9.73953e-13,
1.46093e-12,
1.46093e-12,
2.92186e-12,
6.25939e-13,
0,
0,
-1.25188e-12,
-175.547,
-29.7832,
5.27994,
-43.2234,
-97.4276,
42.8134,
88.4332,
-91.3805,
-133.779,
-27.1863,
39.4546,
-19.0227,
-325.487,
123.362,
279.017,
13.3819,
-38.559,
-2.50781,
16.5331,
-1.76435,
-241.706,
86.3287,
213.604,
-10.8436,
-200.086,
102.592,
211.68,
-19.0739,
-178.522,
31.8405,
114.391,
7.38469,
-174.915,
16.7188,
97.2895,
6.57318,
-226.586,
-16.2191,
78.6311,
19.4428,
-171.963,
-13.4566,
59.5786,
14.5102,
-177.651,
-12.0492,
64.5728,
11.5875,
-84.0902,
1.6102,
40.4311,
1.99051,
343.057,
-161.87,
-375.68,
-188.942,
422.468,
234.083,
280.363,
-492.025,
90.5125,
346.986,
689.647,
-585.094,
297.783,
32.3906,
-11.9505,
-223.804,
0.00563175,
0.00391568,
0.000385314,
-0.00359351,
0.00120852,
0.00123762,
0.00175477,
-0.0015071,
0.00649585,
0.00455512,
7.33051e-05,
-0.00390828,
0.00529418,
0.00352718,
-0.000875363,
-0.00275238,
-0.0014725,
-0.00567361,
0.00159653,
-0.00272492,
-0.00037668,
0.00134481,
0.00394893,
-0.00112681,
702.421,
-212.233,
-687.01,
138.677,
1266.79,
-68.4534,
-1052.91,
-101.036,
694.037,
-290.083,
-690.628,
-11.595,
967.39,
-46.1786,
-284.181,
-622.523,
353.697,
-110.692,
-339.891,
54.9116,
-81.9819,
15.9038,
54.2778,
-4.87481,
124.58,
12.9288,
-40.9389,
-17.9145,
-12.0694,
7.7165,
10.3328,
-3.62776,
-13.9146,
12.3282,
15.2091,
-3.09335,
-21.4282,
21.3578,
24.8067,
1.04569,
-16.4473,
11.0822,
14.2635,
-2.21592,
-45.6771,
21.5202,
28.4526,
4.00748,
-64.7203,
23.9926,
32.4939,
11.4115,
-35.4902,
17.6615,
22.7162,
5.03646,
-40.0768,
27.8514,
34.8884,
-1.2657,
-75.7313,
62.593,
72.071,
19.0326,
-74.1248,
72.6619,
82.5398,
13.9382,
-90.5508,
30.9181,
45.0064,
13.1461,
-132.085,
51.9414,
75.2092,
5.32441,
-17.2773,
8.49295,
12.6496,
-6.71231,
-12.841,
4.79881,
7.76748,
-4.57611,
-18.379,
6.57121,
10.3735,
-4.06413,
-26.6377,
11.5384,
17.0061,
-5.82652,
-19.0242,
5.80456,
10.0445,
-6.26205,
-22.327,
10.7887,
15.6714,
-6.78567,
-11.6593,
5.73152,
8.39185,
-4.29671,
-15.3375,
7.67464,
11.2388,
-6.04445,
-18.805,
12.3903,
16.5591,
-6.08042,
-1.9451,
0.383422,
0.392513,
-0.143802,
-0.666274,
0.134527,
0.138364,
-0.147471,
30.4327,
-5.68523,
-10.686,
-1.94506,
-9.52497,
111.213,
123.665,
-58.351,
82.8752,
77.1936,
70.3896,
-46.2855,
38.422,
33.4333,
33.1942,
-37.0737,
51.5943,
53.7514,
49.7317,
-28.8375,
61.3459,
6.72098,
-0.552451,
-20.9774,
44.2041,
38.2604,
40.4361,
-56.0737,
141.484,
129.037,
118.729,
-89.2778,
59.7651,
59.1857,
70.7856,
-121.511,
12.0878,
311.825,
367.979,
-286.757,
217.195,
265.186,
274.738,
-262.413,
4.27235,
-3.45191,
-4.26841,
0.276525,
23.7063,
-11.2576,
-15.7779,
1.6931,
11.6376,
-5.11866,
-7.2701,
0.383738,
4.84337,
-0.777969,
-0.804378,
-1.03418,
0.93649,
-0.0471543,
-0.0138543,
-3.78458,
-0.598424,
0.722805,
0.739466,
-2.10053,
2.197,
-0.513964,
-0.5376,
0.167683,
4.61747,
-2.07559,
-2.1142,
-0.215906,
3.07364,
-0.174357,
-0.195739,
-0.175993,
3.37388,
-1.40541,
-1.39625,
-4.18173,
51.6805,
4.54711,
-1.7358,
-14.9351,
56.8334,
-5.0187,
-13.5302,
-7.39073,
26.698,
-3.16841,
-7.27946,
-2.75026,
-24.0777,
-0.0405499,
2.5124,
9.27798,
-77.8242,
39.8432,
50.2015,
17.2633,
-90.6911,
85.7323,
97.9245,
21.8466,
-145.555,
124.622,
146.396,
17.2308,
-35.6386,
-29.1097,
-20.5672,
-40.6375,
-51.4245,
-22.516,
-13.4788,
-24.4689,
-250.552,
302.523,
366.833,
-95.6549,
-123.304,
275.321,
315.093,
-88.3179,
-0.0582863,
0.4089,
0.408155,
0.544006,
-27.9174,
152.354,
190.057,
-126.219,
-45.9363,
211.297,
259.48,
-146.729,
-114.9,
94.1202,
141.387,
-64.1691,
-0.0741912,
55.0545,
97.9587,
-140.593,
151.805,
177.214,
200.724,
-252.141,
-247.021,
17.4858,
131.223,
5.41843,
-304.449,
43.1601,
186.263,
4.37317,
-385.913,
97.8387,
297.081,
-12.1808,
-206.339,
85.7513,
197.218,
-12.5883,
-251.42,
29.9098,
146.888,
9.36537,
-181.711,
10.7222,
92.5635,
8.86961,
-0.00735158,
0.309022,
0.308397,
0.404756,
-0.523061,
-0.540894,
-0.540007,
-0.235545,
-0.838093,
0.208688,
0.209364,
0.459852,
-0.316206,
-0.381695,
-0.380975,
-0.404966,
-0.117848,
-0.111177,
-0.111023,
-0.0364078,
-0.181043,
0.0401058,
0.0402523,
-0.10324,
-1.54621,
0.881648,
0.885556,
-0.422623,
-0.816711,
-0.389314,
-0.389605,
-0.142441,
-11.3743,
3.52293,
5.10207,
-14.1692,
-14.1124,
-8.74322,
-8.13527,
5.2501,
-19.4709,
14.8518,
14.5454,
24.7488,
-17.1764,
-8.59518,
-7.94416,
3.65878,
-15.784,
3.89329,
4.67702,
-2.60939,
-14.6025,
-16.6764,
-14.205,
-32.6559,
-12.7057,
-16.3817,
-13.0864,
-24.1959,
-34.5582,
-46.1268,
-39.7571,
-44.6092,
-28.7841,
-39.5768,
-33.3724,
-34.9763,
4.02568,
16.6083,
15.3058,
23.0388,
3.65483,
17.9387,
16.3067,
23.058,
6.28364,
11.6422,
10.0218,
23.8987,
0.237036,
-0.354216,
-0.355394,
0.144076,
0.497844,
0.682096,
0.684092,
-0.952125,
0.324098,
0.798816,
0.801621,
-0.934344,
0.519393,
-17.1595,
-15.6622,
-20.3013,
2.91199,
6.62553,
7.46024,
-16.0964,
5.87315,
-16.3155,
-18.4895,
23.3359,
3.99099,
-3.7097,
-3.76119,
-0.0757633,
-0.0599865,
0.0958334,
0.0961922,
-0.205537,
-5.51898,
-2.03946,
-2.13505,
11.9615,
-4.56825,
-2.1465,
-2.22524,
9.97926,
-16.8193,
-3.10607,
-3.05452,
11.6312,
0.861013,
-1.61515,
-1.56508,
-3.09209,
8.84491,
-2.41629,
-2.55162,
-3.55277,
15.5281,
-8.11522,
-8.29723,
-7.7229,
18.1288,
0.444605,
0.0879543,
-3.45252,
17.1913,
-7.19979,
-7.45982,
-5.35009,
11.3337,
-4.90608,
-5.05652,
-4.60566,
13.1387,
-33.4514,
-34.2171,
13.0659,
15.8078,
-16.7196,
-16.9787,
-5.52887,
1.58897,
-4.66712,
-4.65409,
-2.03727,
8.17598,
-11.171,
-11.3035,
-2.77539,
5.90154,
-6.16638,
-6.12139,
-7.64398,
19.9952,
-19.5274,
-28.5498,
53.5279,
1.99814,
40.8117,
38.8999,
12.0375,
95.3631,
-30.126,
-51.6591,
63.3645,
-27.5751,
48.29,
46.5706,
39.7277,
170.671,
46.5264,
15.2705,
41.3673,
22.6347,
-17.4192,
-26.6803,
52.6988,
139.725,
-77.8993,
-107.713,
89.3893,
-158.186,
106.28,
128.84,
15.7265,
-122.358,
281.798,
294.818,
44.3719,
-1129.67,
-461.754,
53.6877,
-332.723,
-844.467,
-331.888,
764.133,
-2917.96,
0.768153,
4.57102,
4.56946,
-0.558922,
-3.25769,
2.86063,
2.88638,
-0.634595,
-2.55204,
3.64198,
3.66232,
0.0699539,
-7.63936,
2.88001,
2.91753,
2.67828,
0.378416,
2.24031,
2.24311,
-0.808191,
0.816742,
1.23734,
1.2358,
-0.0884412,
-1.14428,
-0.749068,
-0.751261,
2.06506,
-0.242509,
-0.469568,
-0.469127,
0.0150652,
-1.38179,
-1.27776,
-1.27433,
-0.267749,
-0.419326,
0.203847,
0.202235,
1.32501,
0.241842,
0.837008,
0.833227,
1.85843,
-1.69046,
-0.814579,
-0.811588,
-0.494054,
-0.116553,
0.27574,
0.275208,
0.52713,
0.383863,
0.522028,
0.520932,
0.348423,
-0.0514353,
-0.218568,
-0.218197,
-0.207723,
-0.04276,
-0.301233,
-0.300164,
-0.671684,
-26.3573,
-21.1497,
-20.4267,
-10.9975,
-3.07931,
3.12194,
5.54885,
-46.6976,
-33.4006,
14.3476,
18.576,
-42.5503,
6.83803,
14.1838,
16.2646,
-52.9536,
-18.8065,
18.7307,
19.4675,
-3.75949,
-409.307,
-438.099,
-485.713,
-348.884,
-2226.02,
324.113,
533.87,
-100.181,
-638.78,
18.2702,
76.8817,
-12.3123,
-139.632,
72.6922,
78.1346,
-138.016,
-60.0545,
-44.5135,
-34.2622,
-168.515,
-213.507,
-57.4988,
-37.1359,
-61.4101,
-315.817,
64.7102,
101.372,
-31.9721,
15.9642,
2.30088,
2.03263,
-1.75565,
0.618562,
-0.632052,
-0.636024,
0.680193,
1.90621,
-1.22035,
-1.22688,
-0.0831721,
1.73973,
-0.556402,
-0.560329,
-0.729881,
4.62059,
1.40249,
1.36378,
0.470585,
2.22027,
3.2124,
3.19964,
-0.342301,
-21.1812,
13.0257,
17.3182,
-4.25811,
-18.0078,
11.8084,
15.4843,
-3.78704,
-29.7049,
16.885,
22.5301,
-3.88703,
-31.6785,
16.6999,
21.9795,
0.352311,
-20.3837,
12.2385,
15.8383,
-0.81123,
-26.5313,
12.4751,
16.919,
0.175549,
-1.58733,
-0.893661,
-0.599069,
-0.273623,
-3.33168,
-2.14363,
-1.59369,
-0.156556,
-15.4656,
2.63203,
4.38482,
4.42483,
-16.5398,
-1.02614,
0.855995,
4.48765,
-1.55987,
-2.28081,
-3.94555,
20.7654,
-4.30059,
-5.09231,
-7.81435,
44.4295,
3.66682,
-1.37994,
-2.84647,
15.2435,
-0.863576,
-13.1141,
-14.8957,
31.1265,
4.39333,
-12.3798,
-14.2866,
27.8241,
-1.70407,
-9.09185,
-12.0582,
56.9168,
6.51739,
-15.4949,
-17.9573,
43.9959,
3.36522,
-28.6111,
-30.2409,
27.086,
5.84629,
-0.294558,
0.44528,
-20.0129,
-1.62922,
6.77404,
7.57285,
-15.01,
0.493862,
0.300299,
0.300072,
-0.122852,
0.219196,
0.137454,
0.1373,
0.0668312,
-0.127159,
-0.183414,
-0.184116,
0.758057,
-17.5242,
33.0699,
41.0652,
-44.9464,
-21.3069,
10.4646,
13.8468,
-3.1508,
-19.5672,
-36.3186,
-34.3628,
-26.0118,
4.21078,
-7.59925,
-6.97678,
-16.1521,
-3.65558e-13,
-9.13895e-13,
-9.13895e-13,
7.31116e-13,
-1.55142e-12,
4.62599e-13,
4.62599e-13,
-9.04997e-13,
0,
8.21765e-13,
8.21765e-13,
-8.21765e-13,
0,
-5.18618e-12,
-5.18618e-12,
5.18618e-12,
2.25387e-12,
-9.01549e-12,
-9.01549e-12,
9.01549e-12,
1.21488e-12,
-1.82232e-12,
-1.82232e-12,
3.64465e-12,
-1.03706e-12,
-2.20374e-12,
-2.20374e-12,
5.18528e-13,
-964.934,
46.8243,
1218.13,
1016.19,
-421.846,
-169.491,
48.505,
443.622,
-1975.74,
-2749.04,
306.943,
1961.65,
-710.497,
-177.007,
1446.33,
964.142,
-124.507,
156.47,
247.563,
-49.2733,
-8.88007,
1.62627,
4.86818,
1.98198,
-44.06,
-27.5096,
13.3539,
-59.7692,
-120.949,
10.1145,
73.5331,
-29.2905,
-17.7795,
28.593,
64.8946,
-82.0162,
-147.225,
9.69015,
76.7218,
8.54838,
-83.7646,
-8.87264,
30.7674,
-0.434603,
-225.308,
34.6666,
158.695,
-28.7888,
-234.955,
-1.51721,
109.179,
6.21927,
-159.411,
4.18006,
77.9393,
6.26867,
506.896,
215.115,
-40.9573,
-289.917,
710.443,
-14.573,
62.125,
-800.605,
1211.82,
-411.067,
-925.043,
-651.373,
655.415,
-11.7949,
-248.467,
-341.374,
34.6087,
-181.33,
274.392,
-522.438,
260.194,
190.16,
532.973,
-607.463,
492.508,
-319.006,
-78.5555,
-694.874,
-24.1787,
-52.1365,
491.598,
-520.196,
-586.665,
-204.917,
543.78,
11.9223,
-151.204,
-107.919,
174.731,
-35.2977,
-53.011,
50.49,
273.338,
-82.9645,
-593.34,
-487.041,
306.18,
62.8073,
0.00422268,
0.00022404,
0.000624082,
-0.00445365,
122.977,
82.3871,
-9.28418,
-66.5924,
98.7499,
-15.811,
-18.069,
-97.3445,
-0.00194027,
-0.000506624,
-0.00338835,
0.00360404,
0.00154047,
0.00300112,
-0.00319508,
0.00203692,
871.631,
-464.756,
-1287.24,
330.615,
801.765,
-374.501,
-930.938,
58.4415,
-3.48724,
19.0507,
15.7706,
12.4962,
8.40556,
2.91804,
1.53511,
-4.76455,
29.0533,
11.5114,
-0.746857,
-2.40207,
57.2796,
21.3717,
-1.99593,
-9.08704,
30.9245,
9.20367,
-4.15219,
-2.45723,
-26.1143,
-12.7509,
3.26191,
-8.95263,
-29.6772,
-10.5847,
2.80567,
0.257524,
-7.67883,
66.265,
75.5427,
-10.5086,
-219.545,
94.3798,
210.343,
-14.8059,
64.8189,
-13.0225,
-33.0063,
-21.7592,
49.5884,
-10.8692,
-29.6339,
-9.08601,
38.2702,
0.000153052,
-13.5071,
-8.41659,
89.9639,
25.4824,
-12.8945,
-12.4753,
122.936,
17.6212,
-37.3055,
-14.2598,
70.1126,
17.5064,
-11.4734,
-11.5389,
77.3225,
7.07044,
-21.4366,
-18.1913,
378.002,
-108.951,
-238.291,
-145.302,
-15.8052,
9.97077,
12.5421,
0.213042,
-11.0285,
6.88459,
8.69102,
0.057434,
-71.923,
17.5216,
29.5304,
5.10004,
-23.2449,
-0.404642,
3.37927,
1.40998,
-26.3464,
4.38681,
8.21625,
4.61503,
-63.1085,
18.9619,
29.7855,
-1.27936,
-37.8849,
9.6347,
16.9931,
-5.174,
-27.4509,
11.1322,
17.7087,
-10.2145,
-236.861,
88.9343,
130.866,
3.1064,
-118.119,
34.0517,
54.7159,
-1.76628,
-163.907,
66.2413,
97.2904,
-12.1504,
-268.433,
75.4371,
125.326,
-11.8775,
-130.901,
52.3689,
77.0328,
-8.6401,
-210.295,
67.3504,
102.937,
5.95942,
-155.086,
61.5244,
87.6884,
3.91699,
-0.74588,
-10.2684,
-8.71259,
-22.3483,
0.969996,
-6.83467,
-5.18179,
-23.9775,
68.9384,
21.3942,
20.6325,
-64.77,
19.7697,
-3.0602,
-3.46286,
-17.4466,
22.2162,
3.69464,
6.08725,
-35.7434,
-11.9938,
-10.9086,
-8.25913,
-8.12462,
24.0003,
14.9435,
11.3372,
0.757602,
1.75345,
-2.92284,
2.11446,
-48.1012,
6.11202,
-8.82822,
-10.6937,
38.2122,
5.5625,
26.893,
24.9185,
69.1347,
-3.14245,
2.70271,
2.23988,
26.0815,
1.33001,
3.40725,
2.81323,
30.6436,
-6.04294,
0.863648,
1.76782,
-10.994,
-1.71868,
-3.74096,
-2.84715,
-18.2577,
5.76353,
-7.3517,
-7.33074,
-6.14717,
-8.98258,
4.72907,
4.2214,
21.5484,
-3.66289,
2.06888,
2.09773,
-1.96545,
0.348447,
-1.42737,
-1.36436,
-6.10728,
-1.27091,
1.23833,
1.25343,
-0.874465,
0.892625,
2.20757,
2.22639,
-3.06103,
0.0435934,
1.608,
1.61528,
-1.09865,
0.0558573,
2.00245,
2.00775,
-0.820646,
3.45775,
0.832018,
0.822621,
-2.34587,
12.9757,
21.8165,
18.2679,
25.2572,
-32.8694,
22.3355,
26.6245,
5.47353,
-35.9838,
11.8675,
15.1216,
16.1029,
-23.3805,
7.96818,
10.4647,
8.30591,
-78.4274,
36.2421,
46.0325,
13.4241,
-80.0754,
79.7963,
92.952,
-1.28127,
-162.47,
89.3539,
115.75,
-1.9561,
-151.916,
-75.6485,
-50.9496,
-50.9893,
-175.122,
85.3544,
127.633,
-29.8234,
-167.574,
181.552,
220.17,
-35.524,
-224.624,
-21.3216,
20.3257,
-18.7247,
-197.672,
102.028,
152.6,
-39.9001,
-0.00551684,
0.00848451,
0.00848585,
0.00255635,
34.0349,
61.0075,
88.1636,
-116.064,
6.28016,
110.612,
139.116,
-97.3707,
99.149,
155.906,
189.455,
-217.474,
108.587,
117.203,
124.183,
-135.511,
65.0024,
1.4094,
-1.74677,
-47.0397,
45.177,
7.19122,
2.57573,
-17.3467,
88.3342,
48.1021,
51.259,
-104.766,
138.686,
27.595,
17.4535,
-86.7371,
0.56631,
0.0132387,
0.0128861,
-0.0569905,
0.322005,
0.166749,
0.166599,
-0.123758,
0.281319,
0.205297,
0.205197,
-0.123248,
0.223694,
0.163849,
0.16378,
-0.1374,
-0.0799875,
0.0726537,
0.0726894,
0.0179649,
0.0378475,
0.150327,
0.150267,
0.0783674,
0.00836438,
0.117532,
0.117503,
0.0462794,
-0.0900337,
0.0981988,
0.0982369,
0.0215659,
0.490272,
0.409368,
0.408088,
0.181602,
0.0587421,
0.309426,
0.308938,
0.226792,
-0.388419,
0.227196,
0.228535,
-0.136911,
-1.13474,
0.279016,
0.281096,
0.11754,
-0.320006,
0.267788,
0.26808,
0.177413,
-0.280465,
0.851247,
0.855063,
-0.79191,
0.311163,
0.376742,
0.376816,
-0.332112,
-0.367041,
0.344072,
0.344239,
0.290404,
0.831181,
0.62906,
0.627095,
-0.232693,
-1.3435,
1.26527,
1.30127,
-1.08647,
-2.01258,
0.252261,
0.307274,
-1.7305,
-1.51334,
1.97484,
2.03096,
-3.42018,
-2.40157,
-7.81173,
-8.35851,
17.081,
-21.9471,
3.3984,
3.20449,
26.5193,
-5.65771,
3.98044,
2.94486,
31.1007,
-11.0344,
-1.9582,
-2.47627,
23.8583,
-3.32935,
-7.23959,
-7.17758,
0.510093,
-5.57637,
-7.49622,
-8.04577,
20.6265,
-7.07285,
0.324726,
0.44277,
2.84865,
-15.698,
-12.8744,
-12.8461,
14.889,
0.886624,
0.605619,
0.607415,
-1.26477,
8.19074,
-3.30918,
-3.40864,
-0.464069,
-2.36151,
-3.83431,
-4.0062,
10.8274,
-0.303244,
1.82513,
1.38333,
11.7127,
-9.29492,
-2.72832,
-2.46844,
0.135229,
-6.0832,
-4.30515,
-3.33435,
-21.774,
-2.01707,
2.80873,
3.05025,
-11.1469,
0.070961,
-0.22141,
-0.220992,
-0.429794,
0.0199334,
-0.0869147,
-0.0867475,
-0.16315,
0.12292,
0.364141,
0.365859,
-0.893019,
-0.578279,
0.121782,
0.122318,
-0.0102473,
-0.0835787,
0.175925,
0.176075,
-0.077504,
-0.279681,
0.102737,
0.103035,
-0.015514,
-0.0907766,
0.0187672,
0.0188851,
-0.0700436,
0.405513,
-2.10082,
-0.745482,
-14.7349,
-2.13738,
-4.78988,
-3.28938,
-13.3914,
3.02198,
-1.41255,
0.729161,
-27.5265,
-0.362283,
-3.70162,
-1.91725,
-21.3363,
10.6823,
-6.89629,
-4.61154,
-37.2904,
-0.170408,
-1.02979,
-1.00102,
-2.57245,
-0.948934,
-0.0280604,
-0.0206408,
0.0189909,
1.15591,
-0.770461,
-0.781575,
0.178289,
-1.18152,
1.57101,
1.51994,
5.61527,
0.455733,
-0.85029,
-0.852733,
0.230458,
-1.44325,
-1.92611,
-1.94044,
3.93348,
-0.469172,
1.73289,
1.70935,
7.2155,
0.112267,
-0.86403,
-0.864258,
0.00319926,
-0.241603,
-0.174444,
-0.178659,
2.58982,
-0.496938,
-1.03909,
-1.04267,
1.82741,
0.246008,
-0.167991,
-0.171777,
1.67226,
0.134436,
-1.28392,
-1.28644,
1.21987,
0.0452905,
-0.488006,
-0.490049,
1.30411,
4.01,
5.07611,
5.05509,
0.830248,
0.731954,
-0.0892229,
-0.0898441,
-0.5493,
0.207602,
0.190599,
0.190497,
-0.173885,
0.0284809,
0.0338954,
0.0339844,
-0.0600359,
0.588357,
-0.00805327,
-0.00863579,
-0.423171,
0.00956388,
0.106462,
0.106895,
-0.156546,
-0.260669,
0.597725,
0.710219,
-4.47563,
-1.87098,
-0.230309,
-0.0612009,
-3.29066,
-0.61714,
-4.2712,
-4.17785,
-2.63121,
3.70716,
9.01887,
9.54344,
-14.8412,
-1.48482,
3.75633,
4.17362,
-8.24647,
1.12493,
5.57299,
6.24329,
-15.6044,
-0.161326,
2.58405,
2.97993,
-8.86245,
1.001,
4.73431,
5.40805,
-15.4184,
1.02041,
3.33278,
3.9001,
-13.3443,
-107.35,
12.8888,
25.3382,
-9.24264,
-913.59,
171.699,
277.848,
37.3774,
-385.385,
372.433,
443.496,
-34.2378,
-92.4186,
339.578,
394.071,
-172.219,
-594.374,
728.175,
1019.04,
-712.309,
-3.61318,
3.45022,
3.47124,
0.677698,
-3.8942,
3.97695,
3.98871,
2.1629,
0.45055,
0.368266,
0.368601,
-0.512885,
-0.0301942,
0.203543,
0.20485,
-0.302949,
-0.0816025,
0.222615,
0.223954,
-0.300706,
2.20217,
2.24819,
2.24271,
-0.526902,
-2.16941,
0.790236,
0.796135,
0.0256491,
-0.270918,
0.948368,
0.948826,
0.0777446,
-0.0576525,
0.562251,
0.562887,
-0.237018,
0.90951,
0.520084,
0.518353,
0.0430234,
1.5183,
0.640034,
0.637374,
-0.000470605,
1.16065,
0.351215,
0.349469,
-0.231422,
-0.689756,
2.29379,
2.28158,
3.47929,
-0.380036,
-0.712274,
-0.711772,
0.19787,
-1.17745,
0.555832,
0.559188,
0.514245,
-1.40474,
-0.0455773,
-0.0421059,
0.0286581,
-0.260874,
-0.0687571,
-0.0688818,
0.374523,
-0.0435515,
0.203863,
0.203467,
0.359767,
-0.506078,
0.41467,
0.415033,
0.272195,
-0.0277497,
0.525794,
0.525373,
0.2981,
-0.122863,
0.0369318,
0.0369614,
0.0975607,
-0.305437,
0.0955339,
0.0955752,
0.273444,
8.06453,
-3.12328,
-3.25177,
-0.212099,
-1.16724,
4.78796,
4.83222,
-2.49608,
0.0783301,
2.17493,
2.16308,
0.970861,
6.69757,
4.25374,
4.18973,
-1.89206,
1.91375,
-1.86192,
-1.87265,
1.37366,
7.79278,
4.26233,
4.17752,
3.23048,
12.4023,
-4.28956,
-4.48436,
5.49466,
34.5621,
-1.30128,
-1.793,
-4.27559,
1.57329,
-0.862303,
-0.86877,
0.845359,
1.70624,
-2.07364,
-2.08733,
2.63367,
2.89833,
-3.83539,
-3.8447,
4.17377,
11.9814,
-0.693062,
-0.752475,
-0.253135,
-1.02665,
-1.3326,
-1.15095,
-0.122211,
-25.7477,
10.1231,
14.9266,
-30.479,
-20.0577,
-14.0188,
-11.7912,
-9.57223,
1.03701,
-1.95853,
-1.75489,
-3.72773,
-0.140855,
-13.1895,
-14.0345,
10.1879,
4.10923,
-8.27496,
-8.818,
7.72854,
3.53866,
-8.0442,
-8.30863,
2.0629,
-3.50791,
-6.58885,
-6.48039,
0.527179,
-2.83049,
4.56291,
5.08475,
-9.44895,
0.910365,
0.00247581,
0.00188141,
-0.140586,
0.718344,
0.0264717,
0.0259895,
-0.0126952,
-0.0568528,
0.111056,
0.111035,
0.103141,
0.172523,
0.245433,
0.245324,
0.0138861,
-0.0272131,
0.0253721,
0.0253465,
0.0948196,
0.00944125,
0.039251,
0.0392338,
0.0515213,
0.0129655,
0.0723166,
0.0722884,
0.077828,
0.0233452,
-0.0537359,
-0.0537326,
-0.0375186,
1.28559,
0.343743,
0.340437,
0.379645,
0.615813,
-0.00608758,
-0.00667867,
0.0787444,
-20.0097,
17.6173,
19.8492,
5.3214,
-12.0201,
18.8899,
23.9965,
-23.0082,
3.67456,
11.1219,
6.99145,
40.4951,
12.6902,
-6.09154,
-7.87646,
4.8776,
-6.22596,
-17.6026,
-16.293,
-16.8522,
1.16551e-12,
0,
0,
1.16551e-12,
2.86116e-12,
0,
0,
0,
2.03237e-12,
-1.27023e-12,
-1.27023e-12,
-1.01619e-12,
-1.47125e-12,
2.20687e-12,
2.20687e-12,
-2.9425e-12,
-1.20127e-12,
1.67051e-12,
1.67051e-12,
1.35143e-12,
2.49768e-12,
-3.74652e-12,
-3.74652e-12,
-7.49303e-12,
0,
-2.30185e-12,
-2.30185e-12,
-1.3575e-12,
-19.1542,
-306.198,
-841.959,
90.3712,
-589.096,
-543.732,
-427.554,
581.105,
6851.67,
-37424.9,
2635.45,
-50227.9,
-14121.3,
-12538,
20601.6,
19498.1,
-28533.3,
14935.7,
6024.02,
-2129.13,
-1.72103e-12,
5.73677e-12,
5.73677e-12,
0,
-8.10512e-12,
1.22843e-11,
1.22843e-11,
-5.57227e-12,
-33.8525,
94.8616,
153.397,
-64.293,
-297.729,
115.167,
274.195,
-14.4034,
-253.096,
173.316,
332.298,
-37.8903,
-108.16,
47.2915,
126.454,
-48.8343,
-92.2315,
28.0532,
85.5107,
-24.5505,
-82.709,
5.58329,
52.2597,
-13.6953,
-72.9775,
78.8783,
146.271,
-140.068,
-76.5478,
-33.4114,
55.2047,
-167.568,
-264.32,
32.9921,
120.739,
-68.0224,
-10.0213,
23.8848,
21.1534,
14.7519,
12.9121,
55.6384,
73.6789,
-41.7395,
-343.658,
248.581,
650.526,
-249.223,
3.1361,
-25.2278,
-24.7196,
-8.00753,
4.39216,
13.5536,
10.2486,
33.2545,
-2.39806,
8.38485,
8.3822,
2.41985,
12.2395,
-13.8443,
-20.7979,
41.9154,
15.7103,
-10.4608,
-18.7015,
69.6667,
1.76179,
29.9864,
18.3968,
102.957,
7.62173,
-34.4785,
-70.8714,
272.423,
18.4747,
5.51179,
-0.954793,
0.696654,
30.5285,
-25.2064,
-41.5522,
44.2547,
18.6401,
-3.04001,
-10.8873,
-0.620999,
24.8435,
-29.3876,
-36.0502,
-9.77213,
19.2001,
-28.3918,
-41.365,
10.4825,
22.9762,
-13.9862,
-22.6782,
-2.5685,
8.04407,
-2.83313,
-7.07133,
2.30962,
-2.4589,
-10.4064,
-14.1782,
11.931,
-10.6732,
-5.07043,
6.01349,
-16.6504,
-38.3651,
-22.7748,
-11.914,
12.6448,
83.8045,
-6.10882,
-37.2661,
-20.5565,
88.4038,
9.42694,
-26.0172,
-17.7516,
-194.093,
46.0906,
80.3262,
-0.531898,
-86.3299,
17.3934,
32.3343,
3.22065,
-42.0591,
26.3053,
37.0377,
-17.0359,
-32.0981,
15.9545,
24.1691,
-12.1315,
8.28571,
-4.15164,
-3.75345,
-10.5247,
6.09921,
-4.02618,
-3.95309,
-6.5132,
4.80728,
-3.70528,
-4.52264,
-0.248798,
1.37632,
-5.96527,
-6.14697,
-0.381855,
55.1233,
30.7261,
34.7884,
-77.0234,
47.0114,
14.943,
17.0571,
-58.2402,
13.9398,
-1.96748,
-2.26892,
-12.2723,
60.7104,
10.5067,
5.56721,
-34.28,
10.4724,
-4.20347,
-4.80211,
-7.19316,
19.1703,
-5.47684,
-5.91742,
-16.7006,
2.4563,
10.4303,
12.6292,
-16.8887,
7.55561,
-4.88909,
-4.86379,
-7.6986,
0.466443,
-19.3742,
-14.2263,
-29.3203,
9.7003,
-7.18021,
-6.0343,
-16.3262,
29.8031,
3.9953,
3.39176,
-26.1136,
13.022,
1.86261,
0.111589,
-1.3985,
-8.09011,
-3.72506,
-3.52625,
2.04372,
-6.51685,
-8.01029,
-8.27366,
16.6155,
-1.62969,
-6.51364,
-6.54025,
2.48067,
-9.1607,
-0.740791,
0.684866,
0.940112,
-10.4266,
-2.01584,
-0.263554,
0.329924,
-7.97759,
-1.00991,
-1.67543,
13.851,
8.64643,
2.81162,
1.00517,
8.36375,
-53.3646,
1.39282,
10.0467,
-12.7005,
-43.7581,
22.2945,
29.1448,
-4.84007,
-72.2423,
-1.73108,
9.5947,
-15.2217,
-104.129,
47.6922,
65.2115,
-14.2473,
-90.8989,
19.9941,
33.5482,
-5.02708,
-0.0911525,
0.0219212,
0.0219634,
0.000645593,
-0.190883,
0.0364956,
0.0366111,
-0.00774067,
-0.0484688,
0.0241077,
0.0241416,
-0.0177686,
54.0106,
22.6335,
18.0469,
-35.5424,
98.5402,
57.9217,
54.5368,
-86.1299,
77.7804,
-4.86503,
-14.3597,
-22.5321,
48.6377,
-48.9734,
-83.3786,
165.071,
47.4441,
-13.6668,
-31.64,
70.5524,
39.3618,
-15.7856,
-33.7655,
79.194,
0.533187,
-0.0938514,
-0.0939511,
-0.506139,
0.314833,
0.0187019,
0.0194909,
-0.525193,
0.0787121,
-0.0797927,
-0.07928,
-0.230788,
0.203641,
0.370782,
0.373125,
-0.752066,
0.715047,
0.815567,
0.819274,
-1.48154,
-0.218403,
1.02462,
1.03296,
-1.72228,
0.374307,
-0.788391,
-0.797478,
5.72643,
3.85726,
-9.18654,
-9.30913,
15.4158,
0.427972,
-11.6714,
-11.9954,
9.84172,
10.8229,
-11.5931,
-12.0601,
6.08276,
-0.0122799,
-0.079541,
-0.0802887,
0.64846,
-0.115359,
-0.55362,
-0.55367,
0.149456,
0.0132376,
-0.163091,
-0.164182,
0.894107,
0.218002,
-0.0639497,
-0.0652068,
0.706896,
-0.0571261,
-0.231684,
-0.232894,
0.813845,
0.239668,
-1.02524,
-1.02569,
-0.0523066,
0.531139,
-0.434919,
-0.436138,
-0.201294,
0.093466,
0.03519,
0.0351761,
-0.085591,
0.451476,
-0.31327,
-0.314216,
0.142276,
0.487944,
0.0778109,
0.0774919,
-0.343439,
0.35881,
0.0717012,
0.0716851,
-0.347425,
0.423111,
-0.172749,
-0.173251,
-0.0641641,
0.400665,
-0.0914812,
-0.0919191,
-0.0120055,
0.738889,
-1.17581,
-1.17969,
-0.497937,
-0.011814,
-0.323096,
-0.310396,
-2.13163,
-0.169302,
0.288408,
0.289227,
-0.513549,
0.130254,
-0.113883,
-0.112252,
-0.894445,
-1.27209,
-1.16237,
-1.15829,
0.19938,
0.0268385,
0.153487,
0.153568,
-0.0845837,
0.0321426,
0.242917,
0.242925,
-0.0379796,
0.203882,
0.130463,
0.130992,
-0.346743,
0.29545,
-0.0652503,
-0.0653197,
-0.275429,
-0.112263,
0.189601,
0.190551,
-0.169989,
-0.0346778,
0.171101,
0.172004,
-0.246099,
-0.0762379,
0.156668,
0.157341,
-0.143069,
-3.09215,
-0.410672,
-0.288604,
-2.75264,
-25.0558,
10.8446,
12.8156,
9.94368,
-7.02099,
-0.198651,
-0.129474,
-1.47419,
-8.47748,
2.86633,
2.94723,
0.266508,
-2.92424,
4.63281,
4.6658,
-0.963025,
-6.34515,
3.54622,
3.58753,
0.717759,
2.03043,
0.954391,
0.949305,
-1.38756,
1.38964,
0.00308526,
0.000498766,
-0.144319,
2.40115,
-0.532696,
-0.536595,
-0.0631101,
-0.406975,
0.863367,
0.860901,
0.947334,
0.433402,
1.31339,
1.31226,
-0.269022,
-4.2636,
-0.78572,
-0.762264,
0.0420346,
-0.10444,
0.56897,
0.574906,
-1.39591,
1.14057,
0.737802,
0.733644,
-0.496886,
2.59479,
0.528957,
0.514581,
-0.281327,
-3.41935,
2.27095,
2.2882,
-0.317263,
-12.3256,
-1.74109,
-1.643,
-1.22646,
-4.97139,
-0.0684471,
-0.0243056,
-3.27156,
-2.19113,
-1.79769,
-1.78628,
-2.55768,
-0.319429,
-0.0915239,
-0.0909967,
-0.118076,
-0.329194,
-0.249142,
-0.248625,
-0.180733,
-0.904438,
0.0260014,
0.0272737,
0.0781478,
-0.112275,
0.225783,
0.225793,
0.105029,
-0.29975,
-0.000559978,
-0.000297572,
0.0823576,
4.38152,
-2.55029,
-2.57031,
-3.35113,
2.86235,
2.22473,
2.27565,
-5.84946,
2.49863,
0.150622,
0.221012,
-5.94967,
1.64071,
-0.735795,
-0.741916,
-0.148272,
4.17666,
-1.60607,
-1.6245,
0.0534633,
1.37136,
-0.290163,
-0.294237,
-0.451673,
0.43581,
0.567132,
0.566484,
-0.310978,
3.73462,
0.2438,
0.225867,
-0.352139,
2.83116,
-0.338045,
-0.350985,
-0.202057,
-5.76498,
-3.03837,
-2.78845,
4.14858,
-4.76893,
-2.0701,
-1.57393,
1.57286,
-8.92427,
0.688043,
1.20429,
5.26604,
-16.5054,
1.92714,
2.90981,
9.76804,
-6.64092,
2.23111,
1.53834,
11.5822,
1.8447,
-4.66582,
-5.49686,
3.4826,
-26.0374,
-10.6506,
-7.57806,
-6.23509,
-15.6559,
2.30629,
3.38471,
6.73267,
-56.7374,
29.7161,
36.7404,
-5.12054,
-6.19366,
3.86322,
3.93455,
5.44785,
2.37803,
3.4628,
2.86957,
2.28971,
-2.20575,
-0.821906,
-2.26153,
14.858,
4.03307,
-1.0963,
-1.98968,
5.00471,
-1.1833,
-2.86639,
-4.24424,
13.7081,
1.47143,
-22.9457,
-24.0296,
27.7808,
8.83117,
-17.191,
-17.8292,
6.52624,
0.875453,
-4.29179,
-4.38233,
1.55682,
4.01237,
-14.1597,
-14.3375,
1.40819,
9.10304,
-14.1963,
-14.7217,
7.26347,
0.501587,
0.0768748,
0.0764606,
-0.0885206,
-0.013721,
-0.00642034,
-0.00642151,
0.0184465,
-0.120995,
-0.0167982,
-0.0167908,
0.0984622,
-0.108363,
0.0490325,
0.0489954,
0.213051,
-0.10389,
-0.11461,
-0.114641,
0.206876,
-0.172432,
-0.163315,
-0.16331,
0.157276,
-0.180944,
-0.427865,
-0.426768,
-0.702142,
2.29868,
1.46994,
1.45905,
0.733266,
0.154241,
0.649427,
0.645186,
0.97866,
1.93325,
-12.4605,
-13.031,
14.1905,
11.7999,
16.8795,
16.2539,
18.1202,
0.129272,
-2.64701,
-2.3466,
-9.46964,
-26.5662,
-32.2975,
-31.1583,
-22.5668,
3.70484,
8.2261,
7.94896,
10.6152,
0.984693,
0.0458968,
0.0449946,
0.0608083,
-8.05615,
11.2674,
13.3227,
-5.11832,
-13.2956,
21.7439,
22.9288,
5.93658,
-13.2913,
8.2898,
10.5351,
-0.311057,
-4.62284,
0.962103,
1.62293,
0.495765,
-2.80084,
0.45755,
1.44229,
-3.24326,
6.72154,
-14.654,
-15.0942,
1.43266,
31.4226,
6.52238,
4.97119,
2.50035,
9.1767,
0.0999465,
-5.50814,
81.2646,
29.4672,
-3.8902,
-6.52213,
3.70378,
17.0679,
29.0342,
30.7637,
-36.3938,
42.4528,
-5.92885,
-6.41099,
-35.1142,
6.86528,
-2.92993,
-3.8723,
5.30428,
-2.17854,
103.849,
119.904,
-192.591,
10.193,
3.81404,
9.64128,
-70.9805,
-1.87147e-12,
9.06493e-13,
9.06493e-13,
-2.44168e-12,
0,
-9.81087e-13,
-9.81087e-13,
2.94326e-12,
0,
-8.84321e-13,
-8.84321e-13,
1.76864e-12,
-1.0172e-12,
5.42073e-27,
-5.42073e-27,
-2.0344e-12,
0,
7.91386e-13,
7.91386e-13,
-1.05518e-12,
1.79235e-12,
-1.79235e-12,
-1.79235e-12,
0,
0,
-2.77886e-13,
-2.77886e-13,
4.13598e-13,
0,
-1.6226e-12,
-1.6226e-12,
4.32694e-12,
-7.73806e-13,
-1.93452e-13,
-1.93452e-13,
-1.54761e-12,
-6.3095e-13,
9.0699e-13,
9.0699e-13,
-8.67556e-13,
-1.60188e-13,
1.60188e-13,
1.60188e-13,
0,
4.68593e-13,
1.17148e-12,
1.17148e-12,
9.37187e-13,
-12.453,
20.4056,
33.0825,
-11.163,
-15.0257,
42.3966,
80.1936,
-57.1103,
5.18064,
14.707,
16.5901,
-8.64799,
-6.29565,
9.66662,
6.4673,
12.5129,
-3.39065,
-0.460959,
-0.508681,
3.49269,
-0.81802,
5.08942,
6.14085,
-1.34951,
-5.00195,
3.41023,
0.787697,
10.2341,
-167.568,
-87.131,
42.8879,
-174.443,
-242.246,
75.5435,
205.051,
-9.71581,
-536.929,
-52.1704,
213.823,
2.94048,
-132.869,
-71.219,
24.0274,
-89.8715,
-125.451,
10.5252,
97.733,
-97.1551,
-456.079,
-25.9037,
62.0367,
-31.7178,
-236.6,
-24.9538,
59.3398,
-124.138,
-926.53,
75.9525,
360.563,
-132.263,
10.6785,
-4.97075,
-11.4818,
10.4748,
28.6206,
-8.24957,
-19.887,
10.5594,
17.1119,
7.29428,
-0.672677,
0.717101,
17.9307,
-1.20138,
-7.93128,
-2.21652,
103.445,
-48.0531,
-83.4873,
-29.4821,
93.884,
-4.40055,
-40.8924,
-20.2378,
317.792,
-19.7876,
-171.333,
-37.3553,
128.264,
4.49312,
-63.9563,
6.65324,
118.079,
-4.60189,
-55.6305,
-18.8963,
231.024,
-44.7783,
-160.228,
-9.39355,
142.945,
-14.6646,
-67.7751,
-38.7291,
-19.0433,
0.135965,
3.43326,
0.15779,
-44.0015,
0.911332,
8.46899,
0.458736,
-2.29926,
-7.23465,
-6.92562,
-10.4305,
-2.43863,
-0.466397,
-0.374475,
-4.88531,
-244.324,
29.7807,
68.6121,
-8.86724,
-165.087,
36.4524,
62.9478,
-5.96422,
-198.45,
11.5492,
42.5913,
7.48304,
-159.73,
-48.9187,
-24.2563,
-23.1718,
-173.251,
-59.5447,
-34.2019,
-21.7965,
-139.358,
-50.8316,
-30.0698,
-25.175,
-170.048,
-26.6683,
-1.31226,
-16.2196,
39.4221,
-3.1544,
-12.8387,
-2.54255,
30.4558,
1.84841,
-7.39623,
5.72715,
16.4503,
-2.22099,
-11.5949,
17.8625,
128.653,
2.7121,
-3.80135,
-96.7511,
91.1661,
-33.4968,
-58.3284,
48.5312,
83.373,
-27.5648,
-45.8712,
-1.22641,
58.3532,
-40.9843,
-60.0014,
50.4405,
39.7051,
-20.0105,
-32.469,
20.0661,
47.3045,
-54.3954,
-84.8032,
114.724,
3.11207,
-2.84061,
-2.86268,
1.66665,
1.78103,
-1.12056,
-1.13432,
3.03793,
1.75797,
-0.903026,
-0.911175,
1.09982,
4.27738,
-0.249239,
-0.259249,
-2.92962,
0.54846,
0.0169317,
0.0203005,
-1.12437,
1.0946,
-1.32472,
-1.34207,
0.593262,
0.928089,
-1.16056,
-1.15136,
-1.74326,
-1.93416,
0.527323,
0.553423,
-1.16266,
0.530857,
-0.000345211,
0.00944316,
-2.13606,
0.0963161,
-0.0143051,
-0.0138174,
-0.439424,
0.0181406,
0.110911,
0.111764,
-0.616863,
0.191159,
-1.65535,
-1.64969,
-0.554972,
0.808076,
-3.28025,
-3.22666,
-4.43085,
1.18922,
-1.66906,
-1.67918,
-0.492241,
0.345724,
-1.80926,
-1.80653,
-0.522535,
-0.335718,
-1.32218,
-1.37833,
3.98174,
-1.1756,
-2.56074,
-2.64573,
6.36441,
-1.75934,
-2.44271,
-2.53829,
7.815,
6.47355,
-0.476912,
-0.490757,
-0.223016,
1.88962,
0.228807,
0.225026,
-0.263847,
0.213056,
0.247649,
0.247099,
0.118243,
-5.53808,
2.1926,
2.20421,
1.6468,
-3.92501,
-2.24138,
-2.23574,
-1.02887,
0.373879,
0.698297,
0.697142,
0.251464,
-0.371099,
0.609501,
0.609809,
0.200866,
-0.836352,
0.00856968,
0.00958012,
0.0890723,
-1.65392,
-0.309609,
-0.307454,
0.212483,
-0.853559,
0.177316,
0.178242,
0.232327,
-0.742112,
0.65128,
0.652146,
0.247563,
-2.80441,
1.63029,
1.76414,
-3.01617,
-1.41913,
4.93515,
5.68681,
-16.7394,
-6.57439,
-1.08834,
-0.878742,
-0.626688,
-12.8294,
-0.0297995,
0.0964122,
-0.458615,
-34.7704,
7.92762,
11.4631,
11.4657,
-20.4789,
4.48609,
6.39686,
7.57778,
-38.565,
16.4944,
21.1902,
8.4478,
-90.0605,
39.7828,
49.0995,
26.0498,
-0.241765,
0.343503,
0.345653,
-0.341534,
0.0249281,
0.16896,
0.170411,
-0.383217,
-0.697634,
0.85591,
0.862399,
-0.627398,
-0.070312,
-0.0522601,
-0.0521853,
-0.00780059,
-0.133479,
-0.114571,
-0.114385,
-0.0587861,
-0.106428,
-0.0707248,
-0.070572,
-0.0571406,
-0.192468,
-0.0877374,
-0.0876365,
0.0962396,
-0.0423422,
-0.0498831,
-0.0498329,
-0.0112819,
-0.0373787,
-0.0102116,
-0.0102893,
0.115219,
0.174514,
0.151676,
0.151527,
0.142088,
-0.117844,
-0.0496012,
-0.0498071,
0.340155,
-0.931312,
-0.333406,
-0.33246,
0.584045,
0.164093,
0.699644,
0.689702,
1.40872,
0.424395,
0.183295,
0.177196,
0.828228,
1.74951,
1.74844,
1.7211,
1.94389,
-0.451315,
-0.289182,
-0.288535,
0.160898,
-0.335083,
0.162182,
0.162276,
0.290116,
-4.38232,
-6.45861,
-6.39645,
-10.5565,
-0.552339,
0.14595,
0.145727,
0.644321,
-0.153731,
0.158419,
0.158161,
0.291595,
-0.258318,
0.311767,
0.311306,
0.477207,
-4.91439,
1.09353,
1.82377,
0.337206,
-10.7599,
2.24817,
4.04874,
-0.523182,
-6.67334,
0.778209,
1.79461,
0.287834,
13.1786,
-7.44049,
-5.22267,
-46.4888,
10.4572,
-5.08097,
-2.09045,
-55.268,
5.5081,
0.612455,
2.35472,
-32.3813,
-3.83015,
-5.49139,
-4.1166,
-18.4014,
13.8705,
-8.23727,
-7.6577,
-23.1361,
-8.39908,
3.63449,
8.12111,
-0.867097,
-17.5623,
-0.258239,
11.2415,
-6.04209,
-20.215,
1.2627,
15.0272,
-7.93852,
-33.4229,
0.256231,
15.5903,
1.21428,
-7.85796,
-0.144138,
3.16387,
0.890408,
27.8788,
8.64707,
-2.94444,
-1.2336,
266.855,
-70.9108,
-153.962,
-108.6,
326.322,
-105.983,
-233.793,
-87.2004,
21.4023,
45.3484,
76.5552,
-80.9922,
73.5521,
28.8667,
29.331,
-74.4294,
437.65,
46.6516,
-37.7594,
-293.011,
121.548,
-74.4047,
-112.54,
-42.906,
127.293,
-42.6145,
-84.3503,
-42.4097,
89.7591,
-9.31091,
-56.3246,
-3.95161,
236.228,
-1.84469,
-124.737,
-14.723,
228.056,
-52.7346,
-153.192,
-41.6044,
260.85,
-74.4719,
-207.122,
-18.3825,
288.109,
-67.8793,
-230.901,
14.7414,
137.627,
-24.0203,
-104.958,
10.7239,
-0.483661,
1.94855,
2.07198,
-8.88665,
-0.731682,
0.980028,
1.06776,
-4.75405,
-2.93328,
-5.82843,
-5.75443,
-0.493471,
-0.658724,
-4.4131,
-4.39874,
-0.0683667,
-1.60151,
-5.18667,
-5.18961,
1.76312,
0.183808,
-2.98079,
-2.95033,
-2.16049,
0.257792,
-4.0955,
-3.97181,
-7.65219,
0.133495,
-3.64251,
-3.6032,
-2.59967,
2.77055,
8.82911,
6.927,
12.9952,
-39.7594,
16.8354,
22.7464,
-2.65268,
-20.7484,
3.39029,
7.49455,
-11.0828,
-25.2244,
0.98827,
5.19045,
-8.03426,
4.78913,
1.98344,
2.17356,
-6.30337,
30.897,
18.7393,
12.7607,
-9.80317,
16.7684,
46.1862,
48.6515,
-24.467,
53.0798,
16.6753,
16.4607,
-52.349,
29.5534,
1.65755,
-5.82638,
-4.60215,
24.3988,
15.3667,
15.7567,
-25.5538,
13.889,
10.4323,
3.28941,
8.1624,
0.610643,
-0.211595,
-0.211174,
-0.72198,
1.60749,
-0.906468,
-0.910537,
-0.653283,
0.508548,
-0.312643,
-0.313824,
-0.194505,
0.480616,
-0.380292,
-0.381011,
-0.28685,
0.321252,
-0.128539,
-0.128591,
-0.304517,
0.80604,
-0.884771,
-0.890164,
0.860908,
-0.351536,
-1.39188,
-1.40801,
1.40568,
-0.545586,
-0.562414,
-0.56798,
0.959208,
-0.503934,
-0.255673,
-0.277428,
2.08169,
0.715623,
0.105726,
0.104647,
0.0262251,
0.165015,
0.118044,
0.117825,
-0.0131798,
0.0676232,
0.0359043,
0.0358311,
-0.00784541,
0.159985,
0.0386793,
0.0384916,
-0.0080686,
0.142871,
0.0783501,
0.0781042,
0.0392794,
0.0686142,
0.0234083,
0.0233717,
-0.0386435,
0.069984,
0.183063,
0.182998,
-0.0236744,
-5.40652,
0.151869,
0.233016,
-1.73219,
-2.03062,
1.44605,
1.52601,
-2.5673,
-7.10041,
3.91046,
4.02163,
-1.27491,
1.44989,
1.04947,
1.09069,
-3.9548,
-44.7149,
14.6566,
19.3303,
8.83529,
-59.1855,
18.3119,
24.1793,
16.5198,
-155.743,
44.0266,
61.7389,
10.5501,
-96.4018,
48.0629,
58.6392,
22.7128,
-231.861,
90.0741,
114.795,
33.9415,
-279.871,
103.82,
134.622,
45.1792,
-0.0237025,
-0.00657954,
-0.00657369,
0.000534471,
-0.054303,
0.0671316,
0.067134,
0.0475533,
-0.0254547,
-0.0226796,
-0.0226747,
0.0065638,
0.314015,
0.220835,
0.220691,
-0.132748,
0.20822,
0.0596009,
0.0594518,
-0.0399548,
-0.403774,
0.219636,
0.220092,
0.177889,
0.047282,
0.0615861,
0.0615529,
0.0564302,
0.0365328,
0.058733,
0.0587044,
0.0478923,
0.0767251,
0.0626325,
0.0625925,
0.0426764,
-0.0111819,
0.0503398,
0.0503023,
0.0943744,
-0.351755,
-0.0885104,
-0.0882534,
0.0467719,
-0.0683255,
-0.0517545,
-0.0517123,
0.013258,
-0.00424191,
-0.00596769,
-0.00596011,
-0.0340349,
-0.0418937,
-0.110491,
-0.110434,
-0.211751,
-0.722595,
-0.905907,
-0.903661,
-0.579747,
-0.300465,
-0.232123,
-0.231457,
-0.0193159,
-0.548234,
0.353682,
0.351201,
0.981687,
-2.2947,
-0.581831,
-0.57506,
1.09671,
-0.492681,
-0.289757,
-0.289608,
0.459937,
-7.38992,
-2.4811,
-2.41125,
-0.255266,
-2.01497,
1.2513,
1.30662,
-2.35867,
-0.972605,
-0.264635,
-0.254993,
-0.34008,
-0.452672,
-0.831354,
-0.833558,
0.741433,
2.41403,
-1.40485,
-1.42491,
-0.841483,
0.108638,
1.1458,
1.11119,
3.48981,
-0.535136,
0.0393713,
0.0397438,
0.379881,
-0.523631,
0.124744,
0.124494,
0.62752,
-0.55042,
-0.119739,
-0.119696,
0.534774,
-0.631238,
-0.353815,
-0.353044,
0.317179,
-0.278707,
-0.0916488,
-0.0918672,
0.375527,
0.0580713,
0.378977,
0.377907,
0.395007,
-0.570996,
0.416513,
0.416429,
0.607901,
-0.329152,
0.254603,
0.25405,
0.568146,
-0.435614,
-0.0757832,
-0.0754888,
0.268221,
-0.171334,
0.0149289,
0.0149321,
0.169651,
0.345937,
0.244635,
0.243887,
0.193325,
-0.0699004,
0.197759,
0.196761,
0.575829,
-0.130986,
-0.333481,
-0.333444,
0.115059,
-0.169082,
-0.264056,
-0.263661,
-0.00657718,
-2.10482,
-1.79937,
-1.78615,
-2.06503,
-1.03583,
-1.11009,
-1.10571,
-0.892912,
-0.832096,
-0.47278,
-0.469844,
-1.06301,
-1.64433,
-2.46797,
-2.45214,
-5.61849,
-2.02981,
-2.06783,
-2.05471,
-1.50621,
-1.38529,
-0.710088,
-0.70805,
0.725911,
0.137226,
-0.00542382,
-0.00547214,
-0.0334794,
0.318775,
0.0795325,
0.0795339,
-0.321315,
-0.252397,
0.355334,
0.353965,
0.779828,
-0.193787,
0.111762,
0.110797,
0.51325,
-0.642795,
0.356445,
0.354861,
1.0849,
-0.955511,
-0.0794645,
-0.0790086,
0.81078,
0.0871792,
0.331891,
0.330924,
0.403414,
0.331708,
0.18941,
0.18815,
0.393728,
0.314002,
0.492014,
0.489985,
0.550799,
-0.095541,
0.319122,
0.318118,
0.563198,
0.631738,
0.300881,
0.299822,
0.147867,
1.24743,
0.237955,
0.236541,
0.156622,
0.668781,
0.104108,
0.103226,
0.173903,
17.3827,
2.17285,
-5.35397,
0.568443,
4.88722,
3.44175,
-3.53116,
13.7622,
13.5928,
-2.725,
-9.64471,
5.75978,
14.7421,
-8.89861,
-17.0718,
5.77744,
18.9048,
2.82112,
-5.38659,
0.622602,
-3.35929,
0.102335,
-0.940582,
9.933,
8.15287,
5.05156,
3.76836,
1.25704,
-12.0168,
8.35941,
9.64526,
2.62802,
-11.9729,
3.14936,
3.97034,
6.90057,
-5.14303,
3.07119,
2.96878,
5.77039,
-22.0485,
11.9532,
13.5835,
11.3947,
-8.72331,
11.1815,
12.6799,
-1.91649,
0.198116,
-1.32113,
-1.32176,
-0.156914,
-0.0165744,
-0.607789,
-0.601461,
-0.434946,
-0.326384,
-1.10546,
-1.08861,
-0.782285,
0.0385457,
-0.849745,
-0.842486,
-0.508515,
-0.0924908,
0.155259,
0.166674,
-0.827082,
-0.100295,
-0.425388,
-0.432883,
0.658947,
-8.85446,
1.4421,
1.56845,
-1.22079,
-5.61463,
2.1787,
2.32769,
-2.66427,
-1.98072,
0.0680708,
0.148017,
-2.96929,
-0.0852618,
0.0173037,
0.0173281,
0.0234619,
-0.0691844,
0.292162,
0.292217,
-0.0239067,
0.177469,
0.131633,
0.131566,
-0.0871541,
-0.0848787,
-0.0414889,
-0.0414616,
-0.0187127,
-0.258731,
-0.0498109,
-0.049683,
-0.0249569,
-0.0806494,
0.0351471,
0.0351823,
-0.0145224,
0.111422,
0.146321,
0.146287,
-0.0783327,
-0.348009,
0.116968,
0.117373,
0.0152138,
-0.0388772,
0.0554712,
0.0556139,
-0.146362,
-0.0651044,
0.142534,
0.142608,
-0.0211783,
-0.226879,
0.0574329,
0.0577964,
-0.0238178,
-0.45567,
-0.335312,
-0.334975,
-0.0447798,
-0.0483977,
-0.0643061,
-0.064262,
-0.135301,
-0.133117,
-0.374145,
-0.373781,
-1.06965,
-0.161991,
-0.210792,
-0.210701,
-0.117056,
-0.0109617,
0.0580757,
0.0580333,
0.106176,
-0.171214,
-0.054461,
-0.0544609,
0.171005,
-0.0810637,
0.0384091,
0.0383938,
0.117204,
-0.16259,
-0.0764296,
-0.0763622,
0.0340684,
-0.105316,
-0.00317202,
-0.00317716,
0.119145,
-0.305467,
-0.120014,
-0.119975,
0.22261,
0.37703,
-0.0995897,
-0.0996935,
-0.185204,
-0.0408255,
0.229781,
0.230004,
-0.354578,
-0.179576,
-0.179928,
-0.180001,
0.21669,
-0.408145,
-0.290082,
-0.289433,
0.115892,
-0.336478,
-0.25553,
-0.255091,
0.136504,
-0.236878,
-0.248397,
-0.248084,
0.0873403,
-0.357577,
-0.372817,
-0.371948,
-0.0696599,
-0.177305,
-0.190001,
-0.189743,
0.0457221,
-0.0676247,
0.0955067,
0.0955789,
-0.138889,
8.90666,
-1.98304,
-8.49678,
9.57956,
47.28,
6.94415,
-11.3247,
-1.95929,
26.2619,
-2.517,
-12.7772,
5.0871,
0.0812448,
0.19341,
0.193069,
0.137185,
-0.130001,
0.137867,
0.137871,
0.127587,
0.0367483,
0.0259083,
0.0258963,
-0.0266999,
0.204026,
0.144978,
0.144668,
0.0462526,
0.145327,
0.107534,
0.107247,
0.0720456,
0.405442,
-0.103541,
-0.103381,
-0.600284,
0.142352,
-0.287414,
-0.28778,
0.317807,
0.330559,
-0.330806,
-0.331061,
0.0517603,
0.323303,
-0.29487,
-0.29513,
0.0842818,
-0.313095,
0.287522,
0.287682,
-0.236983,
-0.125443,
0.0124788,
0.012791,
-0.533514,
-0.487261,
0.664481,
0.66477,
-0.988183,
0.0804986,
0.169179,
0.169219,
-0.165099,
-0.0966095,
0.127075,
0.127121,
-0.0246973,
0.185739,
-0.2915,
-0.291517,
-0.168514,
0.181843,
-0.142202,
-0.142338,
-0.0391261,
0.0580378,
-0.281605,
-0.282161,
0.374378,
0.0625777,
-0.100371,
-0.100475,
0.00520846,
0.0844561,
-0.0602543,
-0.0599046,
-0.397904,
-0.158057,
-0.237055,
-0.236692,
-0.0804588,
-0.170021,
-0.165105,
-0.164395,
-0.277869,
-0.674117,
-0.475872,
-0.474076,
-0.517148,
-0.227985,
-0.525164,
-0.523739,
-1.09447,
