1,
1.1724e-13,
6.75016e-14,
1,
0.61238,
0.785745,
-0.801352,
0.616506,
0.958822,
-0.20865,
0.235736,
0.983066,
0.929701,
-0.200109,
0.215819,
0.988908,
0.986691,
-0.171093,
0.232968,
0.979336,
1,
1.95399e-14,
-8.88178e-15,
1,
1,
-7.19425e-14,
1.06581e-14,
1,
1,
5.32907e-15,
-7.10543e-15,
1,
1,
-1.47438e-13,
1.77636e-14,
1,
1,
-1.35891e-13,
-2.13163e-14,
1,
1,
1.75415e-13,
-1.95399e-14,
1,
0.56101,
0.825101,
-0.803451,
0.57024,
0.565505,
0.827224,
-0.816161,
0.564238,
0.557436,
0.831668,
-0.807526,
0.559482,
0.557021,
0.828562,
-0.806957,
0.563749,
0.996335,
0.107528,
-0.107797,
0.992823,
0.995735,
0.107632,
-0.116373,
0.994297,
0.9953,
0.109398,
-0.115965,
0.992635,
0.995224,
0.111736,
-0.116464,
0.981061,
0.995398,
0.109477,
-0.117271,
0.991577,
0.979593,
-0.0968265,
0.160757,
0.981094,
0.844212,
0.702513,
-0.684756,
0.722543,
1.02115,
0.692602,
-0.59254,
0.799439,
1,
-2.97457e-13,
1.03029e-13,
1,
1,
-3.47278e-13,
-8.88178e-16,
1,
1,
9.81437e-14,
1.42109e-14,
1,
1,
8.43769e-15,
-4.44089e-15,
1,
1,
9.54792e-14,
4.88498e-14,
1,
1,
9.83102e-14,
-1.42109e-14,
1,
0.499996,
0.866024,
-0.866025,
0.500003,
0.499996,
0.866025,
-0.866024,
0.5,
0.499999,
0.866024,
-0.866023,
0.500005,
0.673325,
0.526804,
-0.546964,
0.774625,
0.673466,
0.549698,
-0.547276,
0.723991,
0.658968,
0.716777,
-0.693465,
0.703272,
0.674824,
0.630455,
-0.67093,
0.743543,
0.675401,
0.651043,
-0.671365,
0.728027,
0.681162,
0.688033,
-0.706396,
0.720019,
0.713251,
0.651563,
-0.695164,
0.730232,
0.664287,
0.683816,
-0.687013,
0.724862,
0.788309,
0.71534,
-0.69522,
0.724944,
0.781453,
0.707566,
-0.71105,
0.706995,
0.68527,
0.698649,
-0.71917,
0.710242,
0.6861,
0.698698,
-0.710691,
0.710743,
0.707851,
0.66678,
-0.717664,
0.720975,
0.721699,
0.694917,
-0.724644,
0.70679,
0.993219,
0.0888219,
-0.0890272,
0.999,
0.99477,
0.0872169,
-0.0878281,
0.997758,
0.6788,
0.632549,
-0.703087,
0.718531,
0.595244,
0.798202,
-0.795581,
0.612311,
0.611091,
0.784778,
-0.782356,
0.630758,
0.644267,
0.70432,
-0.692464,
0.69864,
0.500001,
0.866025,
-0.866027,
0.500003,
0.476008,
0.870624,
-0.818427,
0.490878,
0.553805,
0.816381,
-0.79776,
0.578386,
0.535296,
0.81404,
-0.791965,
0.577148,
0.996412,
0.0872494,
-0.090275,
0.995756,
0.994802,
0.0884614,
-0.0940202,
0.998577,
0.995626,
0.0870587,
-0.0915083,
0.995457,
1.01053,
0.0694484,
-0.0799218,
0.996326,
0.989953,
0.117207,
-0.101648,
0.978766,
0.993378,
0.134363,
-0.139237,
0.990718,
0.984663,
0.14646,
-0.162416,
1.00861,
0.991768,
0.141346,
-0.149543,
0.999345,
1.10621,
-0.0496186,
0.131256,
0.992676,
1.04449,
-0.16555,
0.201988,
0.976365,
0.980477,
-0.117703,
0.159617,
1.00803,
0.99434,
0.107536,
-0.105098,
0.990375,
0.996195,
0.107268,
-0.108538,
0.991447,
0.995677,
0.109351,
-0.107469,
0.987155,
0.994053,
0.109329,
-0.104601,
0.987274,
0.992638,
0.113915,
-0.104758,
0.982579,
0.992785,
0.110356,
-0.104964,
0.987568,
0.998813,
0.103945,
-0.0929966,
0.993309,
0.94588,
0.507263,
-0.523326,
0.850948,
0.906649,
0.535118,
-0.499846,
0.834276,
0.894017,
0.631719,
-0.646205,
0.749053,
0.953484,
0.705516,
-0.595854,
0.800072,
0.877959,
0.605861,
-0.614263,
0.800489,
0.741922,
0.595594,
-0.673204,
0.744725,
0.713156,
0.577449,
-0.645349,
0.762295,
0.978956,
0.171147,
-0.174156,
1.01258,
0.988491,
0.1609,
-0.164202,
1.00188,
0.832087,
0.196902,
-0.171935,
0.981919,
0.920341,
0.22952,
-0.248656,
0.953564,
1,
3.55271e-15,
-1.42109e-14,
1,
1,
0,
0,
1,
1,
1.77636e-15,
3.55271e-15,
1,
1,
-1.77636e-15,
-7.10543e-15,
1,
1,
-4.02289e-13,
9.05942e-14,
1,
1,
-9.50351e-14,
1.10134e-13,
1,
1,
-1.23457e-13,
-2.39808e-14,
1,
1,
-7.43849e-14,
-4.79616e-14,
1,
1,
2.84217e-14,
-1.88294e-13,
1,
0.561371,
0.826914,
-0.803312,
0.570936,
0.558669,
0.826173,
-0.799061,
0.568298,
0.55894,
0.829326,
-0.799187,
0.566844,
0.564164,
0.819736,
-0.799993,
0.584701,
0.558904,
0.826094,
-0.791778,
0.57477,
0.560562,
0.831381,
-0.794716,
0.565401,
0.550254,
0.843477,
-0.9211,
0.541504,
0.499998,
0.866026,
-0.866025,
0.5,
0.519707,
0.870658,
-0.872695,
0.498433,
0.5,
0.866025,
-0.866021,
0.499998,
0.5,
0.866024,
-0.866022,
0.500002,
0.499998,
0.866026,
-0.866023,
0.500002,
0.499998,
0.866026,
-0.866023,
0.5,
0.674625,
0.732316,
-0.720665,
0.687364,
0.939094,
0.503535,
-0.435485,
0.899212,
0.888682,
0.482655,
-0.497039,
0.842472,
0.844532,
0.502224,
-0.477455,
0.833792,
0.662334,
0.737828,
-0.705521,
0.683779,
0.6693,
0.716376,
-0.707503,
0.703817,
0.660837,
0.732562,
-0.700822,
0.691038,
0.671946,
0.720636,
-0.711437,
0.697481,
0.667753,
0.734199,
-0.712265,
0.690091,
0.662302,
0.731995,
-0.70547,
0.692838,
0.667281,
0.732536,
-0.713103,
0.687138,
0.676205,
0.720571,
-0.720926,
0.697626,
0.640571,
0.694996,
-0.560326,
0.695151,
0.484762,
0.713056,
-0.506793,
0.688946,
0.55052,
0.746688,
-0.592683,
0.636509,
0.608192,
0.680549,
-0.620433,
0.668333,
0.633528,
0.686691,
-0.661633,
0.719742,
0.667473,
0.696111,
-0.690409,
0.711756,
0.806148,
0.647155,
-0.672015,
0.753588,
0.81236,
0.655313,
-0.694739,
0.723743,
0.743505,
0.635021,
-0.673082,
0.747761,
0.812796,
0.590666,
-0.671187,
0.746548,
0.743082,
0.664456,
-0.710287,
0.725795,
0.717493,
0.627501,
-0.697034,
0.740837,
0.741571,
0.668259,
-0.708531,
0.721375,
0.726965,
0.687703,
-0.726226,
0.708957,
0.758087,
0.687949,
-0.721015,
0.708998,
0.735068,
0.708941,
-0.728459,
0.703104,
0.741504,
0.705228,
-0.725728,
0.701529,
0.746077,
0.710573,
-0.720372,
0.707787,
0.97154,
0.200113,
-0.194909,
0.978966,
0.67772,
0.724229,
-0.724611,
0.688726,
0.985316,
0.202704,
-0.202386,
0.978321,
0.968632,
0.20764,
-0.194755,
0.978568,
0.975587,
0.206,
-0.196142,
0.978895,
0.979371,
0.20154,
-0.196387,
0.979183,
0.979266,
0.206566,
-0.196357,
0.977756,
0.986236,
0.210888,
-0.202906,
0.973694,
0.705317,
0.714014,
-0.747058,
0.69831,
0.658282,
0.740738,
-0.70819,
0.677434,
0.658351,
0.741183,
-0.707013,
0.685036,
0.669165,
0.743422,
-0.714964,
0.675769,
0.673564,
0.750695,
-0.7295,
0.654427,
0.675721,
0.73986,
-0.732226,
0.668118,
0.484019,
0.826671,
-0.780162,
0.557152,
0.443691,
0.843913,
-0.77743,
0.524764,
0.497459,
0.843912,
-0.80541,
0.524765,
0.535637,
0.814391,
-0.796127,
0.572864,
0.516952,
0.817144,
-0.786938,
0.57151,
0.519917,
0.82085,
-0.796331,
0.559774,
0.514135,
0.838064,
-0.791738,
0.546097,
0.532798,
0.842025,
-0.803782,
0.543739,
0.548158,
0.836032,
-0.813006,
0.547339,
0.534032,
0.832502,
-0.804551,
0.549679,
0.531614,
0.830224,
-0.793,
0.560561,
0.545918,
0.828903,
-0.800823,
0.561283,
0.553111,
0.832898,
-0.802492,
0.558799,
0.544466,
0.832793,
-0.799907,
0.558831,
0.546641,
0.813988,
-0.795589,
0.579048,
0.546613,
0.81395,
-0.79699,
0.577188,
0.552493,
0.814518,
-0.797893,
0.578839,
0.55103,
0.815507,
-0.797394,
0.578501,
0.542263,
0.824625,
-0.79384,
0.569457,
0.992945,
0.0864259,
-0.0911202,
0.996331,
0.731247,
0.685623,
-0.698595,
0.698051,
0.72285,
0.641898,
-0.676959,
0.724076,
0.719165,
0.646879,
-0.68647,
0.736931,
0.762939,
0.611957,
-0.63655,
0.782009,
0.782465,
0.656885,
-0.653905,
0.742078,
0.882806,
0.517005,
-0.451146,
0.917379,
0.834052,
0.631066,
-0.560475,
0.802451,
0.835703,
0.629663,
-0.585783,
0.823959,
0.896677,
0.637813,
-0.537351,
0.830433,
0.996119,
0.0881866,
-0.0934199,
0.991086,
0.964917,
0.142406,
-0.130833,
0.983517,
0.789002,
0.696064,
-0.58216,
0.928567,
0.891671,
0.601048,
-0.502651,
0.854985,
0.994936,
0.372493,
-0.286401,
0.991353,
0.977911,
0.263256,
-0.288739,
0.976352,
0.993605,
0.113408,
-0.124922,
0.989797,
0.995968,
0.119014,
-0.133618,
0.969161,
0.996563,
0.0866654,
-0.0876194,
0.995784,
0.996699,
0.0867186,
-0.0877099,
0.995749,
0.992408,
0.134661,
-0.149585,
0.999791,
0.994602,
0.132404,
-0.141838,
0.994884,
0.994614,
0.132692,
-0.141924,
0.992954,
0.995819,
0.13456,
-0.141248,
0.990556,
0.995436,
0.133066,
-0.149543,
0.98949,
0.989066,
0.231992,
-0.216351,
0.972938,
0.873827,
0.289622,
-0.282954,
0.986959,
0.868589,
0.367766,
-0.286547,
0.941788,
0.862296,
0.285751,
-0.283084,
0.986916,
0.887122,
0.317049,
-0.287168,
0.978267,
0.998871,
0.0969048,
-0.0895279,
0.994593,
0.997637,
0.066915,
-0.067227,
0.998567,
0.997168,
0.0671624,
-0.0675953,
0.998762,
0.996858,
0.0671326,
-0.0692438,
0.998603,
0.999098,
0.0622891,
-0.0598174,
0.998527,
0.997574,
0.066428,
-0.0682546,
0.99763,
0.997623,
0.0664187,
-0.0674311,
0.997471,
0.997778,
0.0663695,
-0.0682111,
0.993585,
0.998892,
0.125569,
-0.13669,
0.978702,
0.86781,
0.527576,
-0.576144,
0.81946,
0.892322,
0.570255,
-0.603031,
0.772645,
0.817428,
0.593845,
-0.623693,
0.779153,
0.957855,
0.710563,
-0.620174,
0.771993,
0.878361,
0.731895,
-0.659285,
0.744458,
0.866353,
0.690024,
-0.653536,
0.764504,
0.961125,
0.606521,
-0.597391,
0.819975,
0.968536,
0.597799,
-0.578099,
0.79727,
0.942184,
0.565572,
-0.524109,
0.863297,
1.03626,
0.631018,
-0.541856,
0.838082,
1.01812,
0.522268,
-0.536474,
0.870348,
0.988194,
0.205396,
-0.199945,
0.99139,
0.984842,
0.20509,
-0.21365,
0.990138,
0.880069,
-0.0633402,
0.0950204,
1.00321,
0.973733,
0.124612,
-0.14502,
0.968183,
0.866748,
0.063518,
-0.0550079,
1.01959,
1.1406,
0.126733,
-0.0897463,
0.969579,
1.10717,
0.118789,
0.00851805,
0.992927,
0.997726,
-0.0252629,
0.0262394,
1.01625,
0.997478,
-0.0229655,
0.0300613,
0.980874,
0.887576,
0.0602609,
-0.0122227,
1.01289,
0.880868,
0.236245,
-0.280239,
0.970809,
0.836888,
0.321023,
-0.283977,
0.978015,
0.861834,
0.346905,
-0.320189,
0.940444,
0.926893,
0.29995,
-0.308078,
0.966832,
0.995222,
0.215794,
-0.266746,
0.988445,
0.97414,
0.206346,
-0.182653,
0.967923,
0.976076,
0.217872,
-0.205419,
0.964406,
0.965631,
0.209263,
-0.195717,
0.972402,
1,
1.06581e-14,
-2.17604e-14,
1,
1,
3.19744e-14,
5.32907e-14,
1,
1,
0,
0,
1,
1,
1.05693e-13,
3.55271e-15,
1,
1,
-2.30038e-13,
5.32907e-15,
1,
1,
2.51354e-13,
5.32907e-15,
1,
1,
1.4122e-13,
5.50671e-14,
1,
1,
5.86198e-14,
0,
1,
1,
1.77636e-15,
3.55271e-15,
1,
1,
0,
0,
1,
0.651283,
0.712828,
-0.707279,
0.680677,
0.642601,
0.755143,
-0.733377,
0.639589,
0.572663,
0.795975,
-0.800311,
0.602271,
0.55774,
0.819408,
-0.789464,
0.585238,
0.569504,
0.81799,
-0.80922,
0.577674,
0.559692,
0.827043,
-0.797993,
0.569205,
0.564184,
0.8267,
-0.797639,
0.569178,
0.561183,
0.823016,
-0.798999,
0.571921,
0.56012,
0.821459,
-0.79842,
0.572769,
0.554997,
0.815646,
-0.797813,
0.578419,
0.557392,
0.816585,
-0.798337,
0.578214,
0.561883,
0.814936,
-0.800063,
0.578847,
0.563504,
0.815935,
-0.799654,
0.579099,
0.514338,
0.856225,
-0.86748,
0.512454,
0.560502,
0.833289,
-0.822332,
0.551656,
0.547943,
0.838054,
-0.813092,
0.548151,
0.560746,
0.82874,
-0.822714,
0.558786,
0.5,
0.866028,
-0.866026,
0.499997,
0.499999,
0.866026,
-0.866025,
0.499998,
0.500004,
0.866028,
-0.866025,
0.499998,
0.500001,
0.866028,
-0.866027,
0.499997,
0.499999,
0.866023,
-0.866025,
0.499999,
0.499998,
0.866027,
-0.866025,
0.499998,
0.569798,
0.825393,
-0.83857,
0.567587,
0.554606,
0.843557,
-0.854877,
0.54272,
0.568173,
0.823398,
-0.840646,
0.565038,
0.566564,
0.833001,
-0.837754,
0.547771,
0.574357,
0.820537,
-0.843973,
0.573342,
0.579575,
0.806951,
-0.806282,
0.592791,
0.578693,
0.819677,
-0.826715,
0.571705,
0.776605,
0.484447,
-0.494136,
0.752959,
0.776328,
0.485969,
-0.504337,
0.809077,
0.821899,
0.452428,
-0.393253,
0.868436,
0.842176,
0.467952,
-0.47962,
0.802314,
0.883122,
0.480298,
-0.413119,
0.878047,
0.9194,
0.452478,
-0.349437,
0.922966,
0.932842,
0.457723,
-0.4369,
0.888844,
0.875167,
0.430089,
-0.41331,
0.876847,
0.90176,
0.386576,
-0.344327,
0.942057,
0.857327,
0.421498,
-0.319088,
0.922221,
0.659372,
0.736531,
-0.701683,
0.68546,
0.661759,
0.734055,
-0.703258,
0.687094,
0.605616,
0.755951,
-0.653147,
0.629671,
0.608592,
0.751523,
-0.654295,
0.631379,
0.595179,
0.72304,
-0.629178,
0.684717,
0.631071,
0.633732,
-0.644277,
0.738605,
0.635656,
0.656225,
-0.648695,
0.716934,
0.713145,
0.581212,
-0.64528,
0.739247,
0.597512,
0.648353,
-0.601049,
0.726766,
0.686664,
0.535474,
-0.60768,
0.735163,
0.695528,
0.573335,
-0.602216,
0.758504,
0.951707,
0.203609,
-0.186009,
0.978035,
0.966597,
0.20401,
-0.193474,
0.977834,
0.702897,
0.719134,
-0.744594,
0.693096,
0.693033,
0.711724,
-0.725723,
0.699203,
0.686831,
0.711723,
-0.732243,
0.699202,
0.712199,
0.708738,
-0.736453,
0.6983,
0.702084,
0.69532,
-0.72997,
0.7069,
0.697717,
0.710223,
-0.74128,
0.698795,
0.691726,
0.719969,
-0.736806,
0.691515,
0.681859,
0.724627,
-0.736181,
0.687616,
0.681541,
0.728632,
-0.739845,
0.66989,
0.674726,
0.732546,
-0.72569,
0.675966,
0.683316,
0.734591,
-0.738978,
0.672802,
0.687605,
0.727644,
-0.768637,
0.688474,
0.69726,
0.71972,
-0.755458,
0.694225,
0.68919,
0.7277,
-0.750307,
0.689131,
0.990798,
0.203858,
-0.211631,
0.976375,
0.963198,
0.257123,
-0.253252,
0.951861,
0.966588,
0.217471,
-0.201656,
0.96346,
0.985405,
0.23271,
-0.242027,
0.977969,
1.00242,
0.207458,
-0.242708,
0.978979,
0.988599,
0.207099,
-0.213906,
0.979728,
0.987497,
0.235967,
-0.256808,
0.954957,
0.726303,
0.705752,
-0.735013,
0.700719,
0.711869,
0.710271,
-0.737116,
0.701378,
0.715314,
0.712764,
-0.742195,
0.697702,
0.649957,
0.748967,
-0.704455,
0.673742,
0.660713,
0.741443,
-0.70926,
0.684789,
0.660574,
0.741167,
-0.708453,
0.686391,
0.667851,
0.741382,
-0.708118,
0.686401,
0.686126,
0.685054,
-0.70657,
0.69357,
0.694723,
0.678216,
-0.709439,
0.695852,
0.668727,
0.743827,
-0.716878,
0.672352,
0.66841,
0.743752,
-0.710562,
0.673843,
0.996046,
0.0955607,
-0.088602,
1.00001,
0.663283,
0.757815,
-0.729407,
0.641892,
0.66462,
0.753555,
-0.733768,
0.655792,
0.640547,
0.763819,
-0.734223,
0.643164,
0.64323,
0.765756,
-0.759388,
0.624995,
0.684446,
0.746402,
-0.747367,
0.656764,
0.549499,
0.821825,
-0.796118,
0.573239,
0.551325,
0.824577,
-0.798613,
0.569482,
0.550059,
0.82667,
-0.797864,
0.568245,
0.556703,
0.828011,
-0.798803,
0.568056,
0.555112,
0.822717,
-0.79762,
0.571989,
0.555916,
0.821625,
-0.798598,
0.573317,
0.996967,
0.0960851,
-0.0899904,
0.999223,
0.9912,
0.0834059,
-0.0926224,
0.993731,
0.987413,
0.0986765,
-0.094272,
1.00038,
0.989182,
0.0786957,
-0.0947379,
0.987655,
0.992991,
0.0839114,
-0.0896973,
0.994557,
0.989322,
0.0787291,
-0.0789466,
0.991408,
0.943814,
0.126126,
-0.0768759,
0.975396,
0.961318,
0.0438435,
-0.0800024,
0.990093,
0.81931,
0.554338,
-0.524741,
0.811798,
0.82157,
0.552775,
-0.555584,
0.833129,
0.848603,
0.564191,
-0.483286,
0.863658,
0.853149,
0.480235,
-0.48383,
0.873702,
0.847181,
0.481604,
-0.454945,
0.867076,
0.800957,
0.436413,
-0.527121,
0.796511,
0.764906,
0.609342,
-0.622623,
0.763494,
0.728326,
0.520305,
-0.616947,
0.777308,
0.6999,
0.588354,
-0.666078,
0.749464,
0.901989,
0.556692,
-0.460794,
0.89742,
0.879257,
0.615713,
-0.504217,
0.872468,
0.879924,
0.5458,
-0.50425,
0.875968,
0.994418,
0.126436,
-0.161858,
1.00347,
1.00947,
0.176613,
-0.141668,
0.959796,
0.996711,
0.192365,
-0.144054,
0.962742,
0.783775,
0.550942,
-0.615579,
0.774986,
0.842672,
0.555092,
-0.538114,
0.780444,
0.810804,
0.580754,
-0.600262,
0.83049,
1.00653,
0.233439,
-0.313326,
0.975507,
0.990147,
0.11851,
-0.10218,
0.975175,
0.918358,
0.301286,
-0.309281,
0.98947,
0.919063,
0.325182,
-0.308737,
1.00791,
0.92305,
0.247038,
-0.239281,
0.990973,
0.984432,
0.126845,
-0.133868,
0.978876,
0.997336,
0.138156,
-0.142754,
0.986986,
1.00114,
0.130068,
-0.14209,
0.985573,
1.00853,
0.137558,
-0.137572,
0.986709,
1.00382,
0.1253,
-0.137358,
0.987268,
0.998526,
0.12896,
-0.137637,
0.987461,
0.986603,
0.138855,
-0.161662,
0.993501,
0.995367,
0.133411,
-0.148735,
0.985469,
0.981104,
0.142755,
-0.154976,
0.981298,
0.990298,
0.130747,
-0.148302,
0.985697,
0.990081,
0.128866,
-0.14974,
0.973198,
0.948376,
0.229783,
-0.241006,
0.979708,
0.952392,
0.209411,
-0.235593,
0.952251,
0.928144,
0.299847,
-0.288494,
0.965218,
0.890052,
0.255476,
-0.275145,
0.981476,
0.900213,
0.256871,
-0.278199,
0.981057,
0.971455,
0.250781,
-0.253246,
0.968572,
0.962935,
0.251448,
-0.293149,
0.971695,
0.936566,
0.387445,
-0.309966,
0.942915,
0.882579,
0.32955,
-0.284317,
0.970421,
0.987763,
0.218419,
-0.145316,
0.966203,
1.00152,
0.197382,
-0.176279,
1.01354,
0.998927,
0.0965681,
-0.0896042,
0.995053,
0.993281,
0.0908646,
-0.0870851,
0.997598,
0.993097,
0.0979078,
-0.0910343,
0.995382,
0.985811,
0.0942441,
-0.0876277,
1.00129,
1.00038,
0.0963284,
-0.0898167,
0.994703,
0.999749,
0.0667408,
-0.0614186,
0.997472,
0.996295,
0.0698291,
-0.0713876,
1.00039,
0.997272,
0.068422,
-0.0695292,
0.997715,
0.995934,
0.0680561,
-0.07199,
0.997042,
0.996998,
0.0684927,
-0.0676719,
0.999665,
0.998457,
0.0702085,
-0.0662951,
1.00128,
0.987823,
0.0573252,
-0.0673028,
0.995389,
0.997955,
0.0610418,
-0.0591542,
0.999365,
0.999063,
0.0624474,
-0.0598169,
0.998525,
0.99752,
0.0663608,
-0.0681323,
0.997074,
0.997674,
0.0667431,
-0.0687518,
0.995527,
0.975943,
0.287328,
-0.263866,
0.941538,
0.984962,
0.240933,
-0.22862,
0.951723,
0.99255,
0.232973,
-0.241967,
0.965722,
0.96852,
0.241312,
-0.247656,
0.952162,
0.975274,
0.249048,
-0.264008,
0.933431,
1.00265,
0.370053,
-0.261252,
0.969776,
1.06591,
0.27266,
-0.24073,
0.938179,
1.02245,
0.282113,
-0.24888,
0.939951,
0.982312,
0.280268,
-0.26689,
0.94489,
0.997662,
0.284489,
-0.243393,
0.951352,
1.03253,
0.261761,
-0.247732,
0.95418,
1.0253,
0.286048,
-0.245063,
0.945222,
1.00501,
0.125507,
-0.119602,
0.990344,
0.996326,
0.0859165,
-0.0871407,
0.996906,
0.997233,
0.0864014,
-0.0885519,
0.996152,
0.997475,
0.0882415,
-0.0886531,
0.99538,
1.00024,
0.0987163,
-0.0934593,
0.995006,
1.00066,
0.0986299,
-0.0898617,
0.994271,
0.750632,
0.51579,
-0.608402,
0.764964,
0.80521,
0.522537,
-0.531689,
0.774447,
0.78238,
0.568845,
-0.612446,
0.758205,
0.808208,
0.53773,
-0.624708,
0.772978,
0.829967,
0.495161,
-0.552464,
0.79742,
0.849575,
0.549445,
-0.554067,
0.792984,
1.08058,
0.730347,
-0.569789,
0.813889,
1.04429,
0.621593,
-0.556126,
0.854831,
1.00363,
0.463228,
-0.450856,
0.908811,
1.00982,
0.517914,
-0.450081,
0.915666,
1.00089,
0.169581,
-0.187596,
1.0229,
0.985778,
0.190856,
-0.183365,
1.00989,
0.985303,
0.189644,
-0.18139,
1.01492,
0.978632,
0.193526,
-0.188061,
1.00614,
0.98453,
0.193515,
-0.181602,
1.00613,
0.981685,
0.189081,
-0.179568,
1.0093,
0.983847,
0.184523,
-0.177188,
1.00428,
0.980601,
0.183007,
-0.186867,
0.999763,
0.978193,
0.21135,
-0.199365,
0.976688,
0.977256,
0.211144,
-0.223537,
0.971372,
1.0002,
0.0386184,
-0.0374347,
0.998907,
0.999943,
0.0381085,
-0.0371248,
0.999515,
0.994296,
0.092274,
-0.0945759,
1.00276,
0.970971,
0.190581,
-0.191842,
0.958846,
0.9475,
0.206467,
-0.207275,
0.969292,
0.978148,
0.122518,
-0.158794,
0.97734,
0.990515,
0.151668,
-0.158194,
0.978755,
1,
7.10543e-15,
-2.13163e-14,
1,
1,
6.68909e-15,
7.10543e-15,
1,
1,
3.55271e-15,
-7.10543e-15,
1,
1,
2.25597e-13,
2.30926e-14,
1,
1,
5.06262e-14,
9.32587e-15,
1,
1,
0,
-5.32907e-15,
1,
1,
2.39808e-14,
-7.10543e-15,
1,
0.957525,
-0.187852,
0.236017,
0.978551,
0.956676,
-0.188526,
0.2363,
0.978774,
0.954891,
-0.153721,
0.218068,
0.993049,
0.996992,
-0.191226,
0.233913,
0.978934,
0.565397,
0.833417,
-0.796362,
0.564708,
0.569661,
0.822103,
-0.810282,
0.576947,
0.592033,
0.786846,
-0.795402,
0.612942,
0.585004,
0.796775,
-0.788395,
0.603043,
0.610473,
0.787219,
-0.777935,
0.613296,
0.56599,
0.821913,
-0.802022,
0.57249,
0.567909,
0.817635,
-0.806139,
0.578359,
0.563307,
0.825058,
-0.798238,
0.568055,
0.568039,
0.81755,
-0.804341,
0.577183,
0.564666,
0.81557,
-0.800581,
0.57939,
0.528489,
0.861201,
-0.8432,
0.52099,
0.551573,
0.840293,
-0.834269,
0.535086,
0.552994,
0.839759,
-0.858441,
0.534326,
0.551445,
0.839048,
-0.833152,
0.545931,
0.526725,
0.838828,
-0.820333,
0.535027,
0.529534,
0.851196,
-0.821729,
0.528883,
0.525463,
0.848862,
-0.844459,
0.515853,
0.521508,
0.84526,
-0.812711,
0.52563,
0.494199,
0.850699,
-0.805098,
0.524114,
0.49728,
0.860157,
-0.837048,
0.512883,
0.496205,
0.865937,
-0.834792,
0.500748,
0.484719,
0.846406,
-0.826841,
0.514268,
0.500002,
0.866026,
-0.866025,
0.499998,
0.503532,
0.866797,
-0.856806,
0.502012,
0.503348,
0.8649,
-0.857286,
0.497066,
0.5,
0.866025,
-0.866026,
0.500002,
0.500001,
0.866027,
-0.866027,
0.500001,
0.564363,
0.825854,
-0.870079,
0.570301,
0.566691,
0.824837,
-0.856508,
0.564376,
0.612582,
0.796355,
-0.801101,
0.629687,
0.610572,
0.794773,
-0.822293,
0.613008,
0.590539,
0.829823,
-0.840123,
0.561904,
0.582211,
0.825796,
-0.831698,
0.564465,
0.584458,
0.828731,
-0.832629,
0.56325,
0.575506,
0.811712,
-0.815696,
0.582882,
0.574194,
0.806381,
-0.813445,
0.592032,
0.567978,
0.81857,
-0.812614,
0.578827,
0.563204,
0.817879,
-0.802256,
0.580326,
0.58733,
0.812237,
-0.832734,
0.576011,
0.585192,
0.816113,
-0.830863,
0.572618,
0.59257,
0.816357,
-0.838603,
0.572362,
0.578665,
0.821573,
-0.826187,
0.569818,
0.579957,
0.8218,
-0.828032,
0.569493,
0.580911,
0.825526,
-0.828897,
0.565049,
0.586581,
0.81851,
-0.832596,
0.569626,
0.573777,
0.822167,
-0.833592,
0.563489,
0.825635,
0.428944,
-0.387356,
0.831377,
0.733463,
0.433075,
-0.426797,
0.833144,
0.659262,
0.741246,
-0.701512,
0.678125,
0.659689,
0.734761,
-0.704047,
0.685207,
0.659288,
0.741229,
-0.703701,
0.679624,
0.642097,
0.727837,
-0.670229,
0.678468,
0.623714,
0.715902,
-0.651863,
0.690392,
0.637978,
0.75705,
-0.673148,
0.628992,
0.653777,
0.733825,
-0.691374,
0.687436,
0.64755,
0.724618,
-0.684818,
0.687081,
0.648924,
0.752116,
-0.686622,
0.650974,
0.658768,
0.74479,
-0.702556,
0.662873,
0.658266,
0.744804,
-0.701798,
0.662851,
0.662574,
0.722509,
-0.698036,
0.696005,
0.645988,
0.72281,
-0.677434,
0.695632,
0.793767,
0.472128,
-0.603527,
0.736181,
0.800711,
0.515489,
-0.601899,
0.74635,
0.685948,
0.721198,
-0.744941,
0.678486,
0.685974,
0.714956,
-0.75257,
0.672633,
0.684683,
0.719816,
-0.752059,
0.670709,
0.698437,
0.65318,
-0.687842,
0.701203,
0.729577,
0.710116,
-0.692363,
0.690535,
0.755049,
0.587246,
-0.659808,
0.668551,
0.879753,
0.48168,
-0.493445,
0.947192,
0.961089,
0.514147,
-0.342497,
1.00745,
0.931438,
0.372691,
-0.345855,
0.977561,
0.945812,
0.360787,
-0.345503,
0.977269,
0.824907,
0.493339,
-0.507565,
0.801546,
0.842614,
0.399031,
-0.495196,
0.735671,
0.855527,
0.478214,
-0.54471,
0.819895,
0.869163,
0.488745,
-0.432515,
0.906545,
0.930594,
0.225918,
-0.170136,
0.956064,
0.958847,
0.236024,
-0.258935,
0.924301,
0.965744,
0.21943,
-0.204758,
0.970662,
0.977622,
0.234833,
-0.21299,
0.959987,
0.977917,
0.218567,
-0.201659,
0.970442,
0.978641,
0.213765,
-0.202103,
0.97339,
0.993556,
0.220806,
-0.2191,
0.965366,
0.865819,
0.715459,
-0.594385,
0.799454,
0.663596,
0.749523,
-0.705797,
0.683543,
0.654031,
0.753318,
-0.709352,
0.684953,
0.651113,
0.749096,
-0.71815,
0.672221,
0.67024,
0.752016,
-0.704124,
0.684171,
0.66723,
0.742182,
-0.704763,
0.682083,
0.667772,
0.742205,
-0.707204,
0.681979,
0.661703,
0.683561,
-0.716779,
0.692945,
0.655979,
0.746579,
-0.714665,
0.664572,
0.663931,
0.747989,
-0.709059,
0.665566,
0.642361,
0.726657,
-0.706111,
0.678866,
0.646214,
0.757803,
-0.708724,
0.657743,
0.996352,
0.0631675,
-0.0616881,
0.997892,
0.642839,
0.770337,
-0.778742,
0.629114,
0.643478,
0.770732,
-0.75856,
0.641571,
0.66901,
0.757517,
-0.752818,
0.638599,
0.669026,
0.753166,
-0.752895,
0.659189,
0.693874,
0.71832,
-0.744685,
0.669509,
0.700338,
0.72561,
-0.738074,
0.676964,
0.693463,
0.732837,
-0.744647,
0.668196,
0.685043,
0.73807,
-0.748351,
0.670497,
1.00443,
0.0653091,
-0.0672997,
0.997109,
1.00097,
0.0692115,
-0.0668916,
0.996649,
1.00076,
0.0659265,
-0.0629343,
0.996375,
1.00131,
0.0739498,
-0.0671092,
0.993629,
0.993954,
0.0669339,
-0.0625934,
0.997937,
0.998654,
0.0633001,
-0.0615949,
0.998047,
0.997754,
0.0651276,
-0.0614906,
0.997835,
0.994631,
0.066961,
-0.0617244,
0.997972,
1.00876,
0.111268,
-0.0915445,
0.998901,
0.999171,
0.104776,
-0.0897667,
1.0001,
0.983142,
0.114401,
-0.112405,
0.985989,
0.973295,
0.106967,
-0.0993432,
0.99585,
0.993919,
0.105048,
-0.0989401,
0.995812,
0.987575,
0.157639,
-0.114607,
0.96451,
1.00116,
0.144667,
-0.135304,
0.984269,
0.991294,
0.113263,
-0.100245,
0.999895,
1.02281,
0.148092,
-0.110888,
0.988133,
0.929924,
0.316625,
-0.270019,
0.934228,
0.921479,
0.307447,
-0.294242,
0.907901,
0.928771,
0.30313,
-0.204904,
0.855009,
0.889973,
0.440251,
-0.460119,
0.940118,
0.859563,
0.485865,
-0.437363,
0.914491,
0.887079,
0.478649,
-0.451229,
0.918127,
0.878054,
0.468257,
-0.450914,
0.91849,
0.907167,
0.319173,
-0.384012,
0.94699,
0.886551,
0.441498,
-0.446547,
0.935176,
0.892599,
0.414204,
-0.379557,
0.917926,
0.867309,
0.423627,
-0.440622,
0.940678,
1.00393,
0.175685,
-0.156824,
0.957257,
1.01729,
0.235399,
-0.285368,
0.966798,
0.916635,
0.33196,
-0.334467,
1.0139,
0.891451,
0.469478,
-0.452911,
0.918308,
0.859805,
0.394493,
-0.401614,
0.904669,
0.861645,
0.399146,
-0.443126,
0.799699,
0.92233,
0.340111,
-0.296704,
0.813422,
0.995884,
0.090172,
-0.0932131,
0.989337,
0.995927,
0.090211,
-0.0967999,
0.986056,
0.993346,
0.125721,
-0.103174,
0.967285,
0.958633,
0.0889881,
-0.0750365,
0.997061,
0.991906,
0.0795212,
-0.0687718,
0.994614,
0.972783,
0.0901809,
-0.0721732,
0.997302,
0.991329,
0.0720152,
-0.0688179,
0.994015,
0.774725,
0.610526,
-0.63069,
0.733294,
0.758221,
0.603348,
-0.648583,
0.725511,
0.779812,
0.583499,
-0.638897,
0.716606,
0.774623,
0.570669,
-0.631958,
0.733759,
0.794726,
0.5796,
-0.631206,
0.734093,
0.948271,
0.222784,
-0.289543,
0.892154,
0.954014,
0.228831,
-0.226377,
0.958669,
0.986717,
0.224673,
-0.242499,
0.960719,
0.953789,
0.313501,
-0.253048,
0.989178,
0.993384,
0.142561,
-0.161025,
0.980524,
0.957902,
0.17649,
-0.205323,
1.02288,
0.986424,
0.182393,
-0.133819,
1.03768,
0.992137,
0.113291,
-0.127651,
0.989579,
0.990531,
0.122222,
-0.120139,
1.00923,
0.981442,
0.128602,
-0.13917,
1.00607,
0.995234,
0.125379,
-0.12855,
1.00359,
0.991885,
0.112529,
-0.124164,
1.00015,
0.993507,
0.112432,
-0.117253,
0.999738,
1.00582,
0.211599,
-0.187949,
0.968993,
0.997003,
0.0874763,
-0.0880129,
0.994993,
0.996466,
0.0872913,
-0.0870213,
0.995335,
0.996444,
0.0872506,
-0.0871193,
0.995148,
0.996594,
0.0881337,
-0.0882819,
0.995425,
0.99632,
0.0882486,
-0.0870172,
0.994326,
0.982419,
0.133197,
-0.128484,
0.961889,
0.971831,
0.160128,
-0.163363,
0.971283,
0.974996,
0.135111,
-0.16331,
0.970868,
0.973864,
0.220198,
-0.242379,
0.931311,
0.968676,
0.194303,
-0.199233,
0.955414,
0.975929,
0.212578,
-0.207554,
0.954093,
0.972588,
0.193142,
-0.206935,
0.957698,
0.968593,
0.211703,
-0.229899,
0.951427,
0.972766,
0.200589,
-0.219629,
0.924073,
1.05263,
0.279046,
-0.260295,
0.949124,
1.008,
0.302433,
-0.251743,
0.943979,
0.958273,
0.294772,
-0.269428,
0.96358,
0.926051,
0.282294,
-0.246616,
0.972414,
0.982736,
0.218588,
-0.244044,
0.969524,
0.992468,
0.0934712,
-0.0868057,
0.996702,
0.99226,
0.0932389,
-0.0833048,
1.00062,
1.00029,
0.0974103,
-0.0897827,
0.994305,
0.995857,
0.0915409,
-0.0895684,
0.994735,
0.995786,
0.0913194,
-0.0883888,
0.99348,
1.00433,
0.0749887,
-0.0664289,
0.996006,
0.987975,
0.0731181,
-0.0672748,
0.998301,
0.997567,
0.0673628,
-0.0643787,
0.998316,
0.997029,
0.0689104,
-0.0638147,
0.996693,
1.00056,
0.0630339,
-0.0611336,
0.997857,
1.00086,
0.0629403,
-0.0615714,
0.997993,
1.00217,
0.064038,
-0.0627061,
0.99704,
0.996451,
0.0838104,
-0.0735998,
1.00596,
0.997247,
0.0711921,
-0.0730937,
0.997948,
0.995807,
0.0831763,
-0.0822009,
0.997486,
0.995537,
0.0714328,
-0.0720798,
0.997806,
0.997443,
0.0587929,
-0.0588771,
0.999104,
0.998124,
0.0607359,
-0.0589288,
0.998957,
0.996748,
0.0628499,
-0.0606414,
0.99848,
0.997802,
0.0631018,
-0.0600172,
0.998629,
0.996944,
0.0603728,
-0.0596954,
0.99865,
0.996723,
0.0606782,
-0.0598888,
0.998917,
0.998008,
0.113732,
-0.118758,
0.991763,
0.99246,
0.105298,
-0.0987517,
0.991006,
0.992517,
0.105093,
-0.099739,
0.994539,
1.00053,
0.113461,
-0.103922,
0.990173,
0.996841,
0.0858392,
-0.0867953,
0.996854,
1.00313,
0.10193,
-0.0923877,
0.996196,
1.0051,
0.101651,
-0.107056,
0.998277,
1.02025,
0.115721,
-0.117235,
0.988823,
0.998589,
0.084101,
-0.086296,
0.997619,
0.996964,
0.0851633,
-0.0870207,
0.998092,
1.00057,
0.076637,
-0.0876829,
1.00285,
1.0084,
0.0905644,
-0.0919531,
0.995258,
1.24525,
0.650061,
-0.543995,
0.856549,
1.009,
0.244661,
-0.22974,
0.967252,
1.0119,
0.21707,
-0.231371,
0.982754,
0.988616,
0.202844,
-0.201531,
1.00099,
1.00255,
0.196145,
-0.208918,
1.00454,
0.973764,
0.18603,
-0.180354,
0.996882,
0.97638,
0.187794,
-0.198766,
0.98447,
0.968955,
0.161247,
-0.181668,
0.978408,
0.969686,
0.191,
-0.181719,
0.976306,
1.00159,
0.0387769,
-0.039448,
0.998756,
1.00104,
0.0384174,
-0.038737,
0.99922,
0.998902,
0.0376894,
-0.0361479,
1.00007,
0.999767,
0.0386185,
-0.0370005,
0.999154,
0.999121,
0.036364,
-0.0361368,
1,
0.999645,
0.0303058,
-0.0297369,
1.00004,
0.99968,
0.0308828,
-0.02972,
1.00032,
0.999749,
0.0292218,
-0.0300831,
0.999313,
1.01446,
0.0510105,
-0.0454052,
1.00299,
1.00142,
0.0390223,
-0.0401397,
0.999777,
0.843703,
0.23351,
-0.246249,
0.97331,
0.951353,
0.0966243,
-0.205603,
0.921625,
0.986651,
0.215579,
-0.201908,
0.990077,
0.9792,
0.206956,
-0.210064,
0.980637,
0.97945,
0.14915,
-0.176247,
0.974648,
1,
8.88178e-16,
0,
1,
1,
4.52971e-14,
0,
1,
1,
6.43929e-14,
1.77636e-14,
1,
1,
8.17124e-14,
4.9738e-14,
1,
1,
8.31002e-14,
-1.77636e-14,
1,
1,
4.15668e-13,
5.32907e-15,
1,
1,
3.26961e-14,
-3.90799e-14,
1,
0.897623,
-0.164045,
0.177681,
0.994972,
0.92185,
-0.161916,
0.209575,
0.997774,
0.904834,
-0.10635,
0.124373,
1.01205,
1.01797,
-0.141481,
0.198064,
0.989167,
1.0811,
-0.000136245,
0.104085,
0.999825,
1,
5.32907e-15,
-7.10543e-15,
1,
1,
4.44089e-16,
-7.10543e-15,
1,
0.555447,
0.84652,
-0.803818,
0.530326,
0.556174,
0.817676,
-0.787446,
0.587472,
0.549904,
0.840642,
-0.779024,
0.556623,
0.564737,
0.830084,
-0.797423,
0.559348,
0.568614,
0.825501,
-0.804357,
0.567545,
0.566704,
0.822869,
-0.803819,
0.568286,
0.619534,
0.78081,
-0.749817,
0.618915,
0.604579,
0.778814,
-0.776491,
0.615355,
0.606815,
0.764297,
-0.733808,
0.6397,
0.547176,
0.855909,
-0.818371,
0.542459,
0.545745,
0.845333,
-0.820285,
0.528312,
0.521165,
0.859298,
-0.749619,
0.488165,
0.759116,
0.616236,
-0.655668,
0.742431,
0.806409,
0.645634,
-0.596777,
0.779038,
0.750325,
0.675461,
-0.651843,
0.716661,
0.728079,
0.693227,
-0.687521,
0.745155,
0.767229,
0.664154,
-0.662868,
0.810279,
0.757319,
0.706259,
-0.651336,
0.761283,
0.712216,
0.742452,
-0.693262,
0.794927,
0.646027,
0.792715,
-0.832057,
0.627802,
0.673362,
0.749469,
-0.789636,
0.726997,
0.591941,
0.815777,
-0.834283,
0.576346,
0.585792,
0.803731,
-0.826901,
0.591576,
0.585084,
0.809191,
-0.826058,
0.585066,
0.59283,
0.805468,
-0.835423,
0.589568,
0.597216,
0.807037,
-0.82889,
0.591904,
0.593833,
0.799538,
-0.819701,
0.61227,
0.594525,
0.79786,
-0.815765,
0.60272,
0.582674,
0.801787,
-0.811365,
0.601262,
0.582017,
0.817742,
-0.829051,
0.570223,
0.582267,
0.818536,
-0.828897,
0.570714,
0.660751,
0.742231,
-0.707426,
0.669159,
0.660075,
0.742253,
-0.708714,
0.669201,
0.640038,
0.75253,
-0.67887,
0.641544,
0.648341,
0.751827,
-0.701707,
0.643479,
0.672393,
0.720563,
-0.761021,
0.676123,
0.673137,
0.727031,
-0.762381,
0.664304,
0.681659,
0.73392,
-0.758979,
0.678279,
0.664966,
0.731938,
-0.781251,
0.675636,
0.681522,
0.723721,
-0.737282,
0.684656,
0.67979,
0.723084,
-0.749915,
0.68001,
0.689683,
0.725024,
-0.749527,
0.684903,
0.685217,
0.719897,
-0.743836,
0.691437,
0.677273,
0.725445,
-0.755447,
0.685104,
0.679785,
0.723051,
-0.749938,
0.679853,
0.710829,
0.704534,
-0.698658,
0.656383,
0.666967,
0.724782,
-0.762954,
0.664095,
0.645367,
0.682339,
-0.781106,
0.628428,
0.675878,
0.704583,
-0.762307,
0.662629,
0.708401,
0.7039,
-0.732517,
0.662004,
0.709781,
0.70611,
-0.717931,
0.68536,
0.845909,
0.4063,
-0.421098,
0.899158,
0.88381,
0.364616,
-0.400699,
0.968263,
0.894739,
0.387567,
-0.431673,
0.903214,
0.652895,
0.736622,
-0.703544,
0.685069,
0.640013,
0.729473,
-0.696754,
0.688837,
0.755681,
0.706349,
-0.666877,
0.766034,
0.818031,
0.687162,
-0.656315,
0.762784,
0.688294,
0.713853,
-0.707605,
0.685685,
0.684607,
0.73451,
-0.702378,
0.682043,
0.687412,
0.712561,
-0.707225,
0.68624,
0.674538,
0.730659,
-0.705981,
0.679891,
0.67628,
0.733723,
-0.704892,
0.681805,
0.992751,
0.0641359,
-0.0611823,
0.997756,
0.984286,
0.0686634,
-0.0625271,
0.997009,
0.994317,
0.0651626,
-0.0623936,
0.996962,
0.675648,
0.75521,
-0.761086,
0.667044,
0.676778,
0.758565,
-0.767056,
0.649327,
0.706741,
0.726548,
-0.728267,
0.678401,
0.686964,
0.75744,
-0.736805,
0.73657,
0.708606,
0.731887,
-0.715602,
0.71466,
0.709062,
0.731967,
-0.717507,
0.714324,
0.998182,
0.146699,
-0.15314,
0.975829,
0.994614,
0.149613,
-0.155288,
0.977583,
0.989064,
0.140232,
-0.153189,
0.98113,
0.994699,
0.158844,
-0.145212,
0.959331,
1.00414,
0.175375,
-0.151251,
0.948752,
0.985867,
0.171934,
-0.12251,
0.925687,
0.993039,
0.116545,
-0.110792,
1.0253,
0.983752,
0.164284,
-0.232492,
1.07893,
0.904514,
0.375842,
-0.457254,
0.974311,
0.961106,
0.341435,
-0.473609,
0.984254,
0.995357,
0.0945177,
-0.096029,
0.99969,
0.990828,
0.0930319,
-0.105831,
0.996474,
0.993383,
0.100177,
-0.099842,
1.01062,
0.995592,
0.104524,
-0.105367,
0.999746,
0.992166,
0.106537,
-0.105499,
0.999823,
0.989678,
0.105389,
-0.138141,
0.984763,
1.00634,
0.136791,
-0.188718,
0.980136,
0.992525,
0.100491,
-0.10218,
0.99784,
1.01923,
0.07706,
-0.122177,
1.00925,
1.01204,
0.118477,
-0.11771,
0.983528,
1.0066,
0.0882501,
-0.0864174,
0.984134,
1.01721,
0.0785303,
-0.10272,
0.995133,
1.00371,
0.0758007,
-0.0829355,
0.999135,
0.978356,
0.312427,
-0.387334,
0.934085,
0.978555,
0.168748,
-0.202655,
0.900589,
0.984834,
0.124991,
-0.08651,
0.956058,
0.993422,
0.125283,
-0.127729,
0.954658,
0.967096,
0.141511,
-0.169162,
0.980199,
0.990004,
0.153602,
-0.144823,
0.990068,
0.990003,
0.15313,
-0.144821,
0.991444,
0.996741,
0.0908061,
-0.0888185,
0.994112,
0.997024,
0.0888168,
-0.0888723,
0.994489,
0.995576,
0.0903653,
-0.0881983,
0.994347,
0.996147,
0.0896824,
-0.0876298,
0.993666,
0.995949,
0.0886267,
-0.0874275,
0.994744,
0.972244,
0.119037,
-0.117847,
0.976692,
1.05457,
0.325257,
-0.276851,
0.974717,
0.987299,
0.0899582,
-0.0940664,
0.993364,
0.984972,
0.0991716,
-0.0943751,
0.994586,
0.99329,
0.0968755,
-0.0906949,
0.993571,
0.990131,
0.0939167,
-0.0872588,
0.996789,
1.00794,
0.099884,
-0.0896848,
0.994765,
1.00466,
0.0638911,
-0.0659685,
0.997233,
1.00895,
0.0599476,
-0.0671337,
0.998304,
0.997237,
0.0784009,
-0.0763391,
1.00077,
0.998152,
0.0900689,
-0.0874791,
0.997662,
0.989486,
0.0817259,
-0.0867644,
0.998351,
0.997124,
0.0788444,
-0.0745545,
0.993744,
0.999321,
0.0880604,
-0.0875209,
0.997734,
1.01355,
0.0873664,
-0.0823244,
0.997481,
0.992596,
0.0842435,
-0.0779637,
0.996078,
0.982723,
0.086862,
-0.0943628,
0.993163,
0.992244,
0.0840034,
-0.0859477,
0.990636,
0.99371,
0.0683953,
-0.0774568,
0.988865,
0.994873,
0.0602078,
-0.061675,
0.997691,
0.994583,
0.0572258,
-0.0617427,
0.996994,
0.992377,
0.0626781,
-0.0624772,
0.998484,
0.996573,
0.0630061,
-0.0607943,
0.998616,
0.994879,
0.0603751,
-0.0607715,
0.998652,
0.991995,
0.120351,
-0.127645,
0.985544,
0.993964,
0.120024,
-0.113218,
0.983144,
0.991035,
0.123634,
-0.124337,
0.97424,
0.997183,
0.0885794,
-0.0890308,
0.995817,
1.00054,
0.0880911,
-0.0896848,
0.995912,
0.999171,
0.091628,
-0.0897392,
0.994731,
0.997512,
0.0946477,
-0.0896033,
0.994484,
1.00209,
0.0941063,
-0.0899417,
0.994524,
0.999329,
0.090507,
-0.0893649,
0.995274,
1.11464,
0.457237,
-0.467786,
0.925914,
1.10681,
0.529366,
-0.467495,
0.923244,
1.13712,
0.34378,
-0.333706,
0.961959,
1.04626,
0.425597,
-0.352776,
0.979132,
1.12251,
0.252481,
-0.321504,
1.03821,
1.39364,
0.396389,
-0.505184,
0.940716,
1.05123,
0.225866,
-0.250848,
0.976646,
1.10615,
0.237931,
-0.278238,
0.977065,
1.03845,
0.259211,
-0.247278,
0.967335,
1.00776,
0.174977,
-0.21297,
1.02099,
1.12555,
0.2498,
-0.262836,
0.986487,
1.06962,
0.0300238,
-0.230836,
1.11223,
1.0031,
0.175483,
-0.189271,
1.01841,
1.03716,
0.140687,
-0.209322,
1.0389,
0.976188,
0.158749,
-0.172643,
1.0004,
0.979908,
0.164937,
-0.178528,
0.990613,
0.973913,
0.16607,
-0.170649,
0.989125,
0.978099,
0.143433,
-0.169821,
0.984648,
0.98648,
0.150136,
-0.161637,
0.991193,
1.00234,
0.0410071,
-0.0408773,
0.998182,
0.999087,
0.0350782,
-0.0353741,
0.999812,
0.999048,
0.0302109,
-0.0303622,
1.00021,
0.999142,
0.0308243,
-0.030299,
1.00062,
0.999359,
0.0297284,
-0.0302264,
0.999997,
0.999139,
0.0296825,
-0.0308234,
0.999872,
0.999487,
0.0379354,
-0.0410547,
0.994545,
1.02309,
0.0702174,
-0.0445927,
1.0048,
1.002,
0.0661404,
-0.0506919,
1.00941,
0.990465,
0.132792,
-0.140026,
1.00348,
1.00881,
0.136547,
-0.0962131,
1.01244,
0.994916,
0.127209,
-0.126412,
0.986399,
0.978069,
0.0930028,
-0.129356,
0.980422,
1.00389,
0.130575,
-0.0932848,
1.016,
1.00454,
0.0393838,
-0.0411359,
0.999662,
0.845313,
0.236242,
-0.283019,
0.910928,
0.810549,
0.367633,
-0.287313,
0.927157,
0.783318,
0.354445,
-0.350269,
0.896669,
0.817032,
0.291562,
-0.34615,
0.888986,
0.773829,
0.230072,
-0.333814,
0.906544,
0.989476,
0.152946,
-0.167519,
0.990225,
1.00251,
0.153475,
-0.147263,
0.991048,
0.993392,
0.167616,
-0.171952,
1.02935,
1.00448,
0.188015,
-0.197233,
0.982851,
0.991405,
0.201195,
-0.187877,
0.970164,
1.00209,
0.173686,
-0.177297,
0.974154,
0.990068,
0.186417,
-0.186624,
0.984027,
0.98415,
0.193777,
-0.177209,
0.969495,
0.979011,
0.195424,
-0.184379,
0.971792,
1,
2.0417e-13,
3.55271e-15,
1,
1,
-9.23706e-14,
-3.55271e-15,
1,
1,
-2.22045e-13,
-3.55271e-15,
1,
1,
1.93623e-13,
3.55271e-15,
1,
1,
-8.43769e-14,
3.55271e-15,
1,
1,
-5.68434e-14,
-2.13163e-14,
1,
1,
1.1427e-13,
-3.55271e-14,
1,
1,
1.13687e-13,
-2.30926e-14,
1,
1,
-1.14575e-13,
3.19744e-14,
1,
1,
5.77316e-15,
7.10543e-15,
1,
1,
3.55271e-15,
3.55271e-15,
1,
1,
5.32907e-15,
-3.55271e-15,
1,
0.559238,
0.834874,
-0.811187,
0.552964,
0.565538,
0.830405,
-0.811973,
0.553521,
0.563091,
0.835236,
-0.825427,
0.551625,
0.564063,
0.838216,
-0.81863,
0.572465,
0.5696,
0.822159,
-0.813153,
0.579636,
0.570064,
0.826894,
-0.814142,
0.569537,
0.566941,
0.829215,
-0.818802,
0.573001,
0.592875,
0.739446,
-0.764658,
0.629378,
0.545903,
0.819763,
-0.773842,
0.584708,
0.515568,
0.798726,
-0.738429,
0.609265,
0.570297,
0.772411,
-0.78564,
0.607608,
0.605666,
0.777653,
-0.771232,
0.609743,
0.578497,
0.728726,
-0.690326,
0.676974,
0.613496,
0.752396,
-0.737009,
0.645401,
0.622122,
0.749602,
-0.727441,
0.642302,
0.643407,
0.776381,
-0.826381,
0.66319,
0.662631,
0.768556,
-0.859234,
0.676564,
0.592637,
0.831891,
-0.839159,
0.562854,
0.59817,
0.814027,
-0.844202,
0.579134,
0.5815,
0.811411,
-0.828779,
0.576571,
0.582376,
0.817338,
-0.829622,
0.570865,
0.578436,
0.817997,
-0.83075,
0.572486,
0.579913,
0.818783,
-0.82903,
0.573402,
0.57975,
0.81825,
-0.829885,
0.570602,
0.577119,
0.817899,
-0.830205,
0.570813,
0.580646,
0.816368,
-0.829928,
0.570693,
0.662458,
0.737961,
-0.712735,
0.675169,
0.662841,
0.738006,
-0.71261,
0.675183,
0.890143,
0.312444,
-0.402532,
0.859766,
0.920446,
0.267132,
-0.26243,
0.927132,
0.659509,
0.729014,
-0.704753,
0.684045,
0.665689,
0.732288,
-0.710887,
0.680795,
0.650827,
0.732468,
-0.700837,
0.682487,
0.661708,
0.702892,
-0.707224,
0.699849,
0.663032,
0.704701,
-0.711576,
0.693903,
0.666876,
0.705198,
-0.716708,
0.693239,
0.661353,
0.710935,
-0.709814,
0.686079,
0.669395,
0.757383,
-0.787891,
0.676361,
0.672194,
0.760213,
-0.784507,
0.679782,
0.659735,
0.767961,
-0.799154,
0.68889,
0.689836,
0.74117,
-0.74706,
0.671332,
0.690184,
0.744611,
-0.744549,
0.696163,
0.677901,
0.748815,
-0.767125,
0.684186,
0.685325,
0.742461,
-0.741057,
0.697708,
0.676095,
0.74677,
-0.757416,
0.695185,
0.675786,
0.75317,
-0.758482,
0.717269,
1.00475,
0.148297,
-0.194732,
0.995446,
1.00393,
0.148095,
-0.14397,
1.00789,
1.0061,
0.129868,
-0.142221,
0.993239,
1.01338,
0.190296,
-0.205198,
0.94452,
0.988613,
0.178061,
-0.184859,
0.954566,
0.967697,
0.224409,
-0.246553,
0.975399,
0.969103,
0.227355,
-0.268192,
0.930067,
0.929373,
0.222195,
-0.205523,
0.938205,
0.987596,
0.17196,
-0.189842,
0.924676,
0.998604,
0.0980397,
-0.100882,
0.974118,
0.996586,
0.101806,
-0.0944432,
0.962097,
0.940664,
0.286952,
-0.356777,
0.950349,
0.957705,
0.256151,
-0.320357,
0.939993,
0.968115,
0.280284,
-0.307894,
0.968883,
0.949584,
0.277474,
-0.365936,
0.96008,
0.935616,
0.309417,
-0.343847,
0.965037,
0.937721,
0.308196,
-0.344682,
0.965521,
0.933587,
0.3033,
-0.326372,
0.98721,
1.02622,
0.174736,
-0.195003,
0.981739,
1.0184,
0.17699,
-0.175728,
0.976179,
0.994152,
0.16558,
-0.152314,
0.987195,
0.964575,
0.184779,
-0.155066,
0.990378,
0.973135,
0.130687,
-0.153837,
0.982613,
0.994013,
0.16433,
-0.152182,
0.988375,
0.990104,
0.16432,
-0.148503,
0.988385,
0.987163,
0.141345,
-0.142568,
0.990627,
0.983002,
0.142003,
-0.146331,
0.991221,
0.983604,
0.146957,
-0.144746,
0.994061,
0.98411,
0.159244,
-0.144852,
0.991476,
0.957553,
0.146029,
-0.0935448,
0.932042,
0.969746,
0.191495,
-0.183509,
0.914148,
0.95471,
0.147586,
-0.164139,
0.970715,
0.978505,
0.0929443,
-0.0952383,
0.993762,
0.979589,
0.451937,
-0.363236,
0.949957,
1.04426,
0.401454,
-0.355685,
0.944063,
0.976804,
0.416045,
-0.364584,
0.932579,
0.932953,
0.397614,
-0.313868,
0.953895,
0.994393,
0.0932281,
-0.0882934,
0.993349,
0.996558,
0.092915,
-0.090139,
0.993616,
0.992491,
0.0998961,
-0.090713,
0.994602,
0.99637,
0.058094,
-0.0598447,
0.998227,
0.996114,
0.0578494,
-0.0603346,
0.997758,
0.995986,
0.0578835,
-0.0601933,
0.997721,
0.996508,
0.0584666,
-0.0597066,
0.998601,
0.996968,
0.0580199,
-0.0592434,
0.998152,
0.99765,
0.0586476,
-0.0584454,
0.998801,
1.00473,
0.0366645,
-0.028072,
1.00305,
0.998579,
0.037705,
-0.0369197,
1.00454,
0.994205,
0.0527459,
-0.0540595,
1.00262,
1.00372,
0.079996,
-0.0598885,
1.01252,
1.00536,
0.0671202,
-0.0591757,
1.00694,
1.02319,
0.0989605,
-0.0576218,
1.01472,
0.996751,
0.0473926,
-0.0508325,
0.99858,
0.99622,
0.0531779,
-0.0478583,
1.00168,
0.990116,
0.0482994,
-0.0751488,
0.973503,
0.995365,
0.0533981,
-0.0492954,
1.00353,
0.997123,
0.0499921,
-0.0464973,
1.00202,
0.996245,
0.0532077,
-0.0467595,
1.00298,
0.655694,
0.286491,
-0.343948,
0.889056,
0.543373,
0.458374,
-0.424064,
0.810484,
0.747179,
0.382337,
-0.42029,
0.809076,
0.987957,
0.173074,
-0.177285,
0.973279,
0.986443,
0.174382,
-0.177699,
0.973637,
0.987475,
0.17519,
-0.177067,
0.974131,
0.982003,
0.167091,
-0.176758,
0.973808,
0.99259,
0.167334,
-0.176855,
0.973806,
0.566778,
0.826399,
-0.810015,
0.570159,
0.565711,
0.825178,
-0.812432,
0.567389,
0.567677,
0.822922,
-0.812792,
0.567802,
0.566958,
0.821861,
-0.807684,
0.575339,
0.568949,
0.821716,
-0.812582,
0.575696,
0.607502,
0.83104,
-0.854375,
0.563725,
0.577222,
0.817359,
-0.829889,
0.569148,
0.571448,
0.819977,
-0.828326,
0.56844,
0.569276,
0.821407,
-0.816605,
0.570106,
0.565838,
0.821698,
-0.816514,
0.570099,
0.570487,
0.826216,
-0.82701,
0.559899,
0.575749,
0.811791,
-0.823493,
0.580341,
0.576753,
0.81707,
-0.825055,
0.572132,
0.576966,
0.818416,
-0.832561,
0.573493,
0.577542,
0.818619,
-0.83232,
0.573578,
0.577581,
0.818276,
-0.831855,
0.569466,
0.574581,
0.81927,
-0.835595,
0.570706,
0.575386,
0.820415,
-0.834531,
0.572218,
0.57649,
0.818611,
-0.836229,
0.574994,
0.950834,
0.291214,
-0.25973,
0.809813,
0.931293,
0.323289,
-0.278986,
0.84142,
0.891118,
0.314925,
-0.371842,
0.937907,
0.919855,
0.318085,
-0.376766,
0.937366,
0.914493,
0.301324,
-0.371276,
0.954528,
0.939186,
0.279311,
-0.35822,
0.942889,
0.93375,
0.270592,
-0.341659,
0.906521,
0.935287,
0.277997,
-0.332294,
0.951626,
0.802756,
0.838474,
-0.657231,
0.771859,
0.690748,
0.749382,
-0.702415,
0.681955,
0.71226,
0.712776,
-0.704525,
0.685546,
0.712285,
0.712834,
-0.698989,
0.698617,
0.75959,
0.713355,
-0.70453,
0.698555,
0.663762,
0.769921,
-0.77929,
0.657215,
0.644114,
0.780054,
-0.776987,
0.642491,
0.658764,
0.759751,
-0.782661,
0.650355,
0.660396,
0.769665,
-0.812407,
0.654698,
0.637045,
0.777301,
-0.80402,
0.631961,
0.638246,
0.787825,
-0.802365,
0.646465,
0.99928,
0.147414,
-0.164047,
0.968717,
1.00669,
0.146144,
-0.171905,
0.970065,
1.00434,
0.139497,
-0.17257,
0.982063,
1.00419,
0.139113,
-0.177794,
0.968322,
0.99327,
0.137516,
-0.13935,
0.973945,
0.997569,
0.131657,
-0.155556,
0.996034,
0.933275,
0.298036,
-0.345799,
0.95555,
0.938118,
0.300744,
-0.302742,
0.948722,
0.938149,
0.299367,
-0.303155,
0.967195,
1.00748,
0.15998,
-0.153169,
0.987554,
0.995669,
0.156929,
-0.148697,
0.988643,
0.995904,
0.153755,
-0.146919,
0.9884,
1.00181,
0.154271,
-0.148409,
0.98827,
0.995902,
0.157583,
-0.14876,
0.988467,
0.994169,
0.151474,
-0.14649,
0.988965,
0.993422,
0.157159,
-0.146417,
0.988409,
0.982759,
0.0950509,
-0.0991347,
0.991832,
0.979682,
0.118004,
-0.106894,
0.98289,
0.982364,
0.10874,
-0.0991145,
0.991129,
0.990204,
0.111991,
-0.111977,
0.985795,
1.05654,
0.331867,
-0.284943,
0.94754,
0.998167,
0.388568,
-0.297973,
0.960197,
1.01937,
0.330528,
-0.259855,
0.948444,
0.999072,
0.361681,
-0.297461,
0.944978,
1.01162,
0.302397,
-0.261059,
0.944073,
0.957089,
0.352052,
-0.269177,
0.951465,
0.998878,
0.0351169,
-0.0354315,
0.999368,
0.998903,
0.0365418,
-0.0356861,
0.999634,
0.99907,
0.0350566,
-0.0356644,
0.999441,
1.00023,
0.0402492,
-0.0383058,
0.998238,
1.00049,
0.0401775,
-0.0398186,
0.998657,
0.99131,
0.0548486,
-0.0463337,
1.00116,
1.00042,
0.0312345,
-0.0293154,
1.00051,
1.00045,
0.0319444,
-0.0293105,
1.00064,
1.00213,
0.0325476,
-0.0284874,
1.00094,
0.99979,
0.0333608,
-0.030291,
1.00157,
0.997242,
0.0359395,
-0.0349631,
0.999959,
0.999488,
0.0353122,
-0.0352022,
1.00003,
0.999611,
0.0292168,
-0.0293624,
0.99934,
0.999437,
0.0290626,
-0.0297525,
0.998994,
0.994307,
0.03805,
-0.050056,
0.994744,
0.996987,
0.0471108,
-0.0494196,
0.996895,
0.995218,
0.0742635,
-0.0625786,
1.00934,
0.987422,
0.0655845,
-0.0673367,
1.00645,
0.996278,
0.0617029,
-0.0621434,
1.00418,
0.981178,
0.0769767,
-0.0831475,
0.999166,
0.995799,
0.0986084,
-0.0867019,
0.993908,
0.99531,
0.0760636,
-0.0733002,
0.99853,
0.996571,
0.0744977,
-0.0796272,
1.00638,
0.999886,
0.0963252,
-0.0953047,
0.998713,
1.00042,
0.0967677,
-0.078535,
1.01271,
0.995459,
0.0517399,
-0.0496801,
1.00102,
0.995719,
0.0525326,
-0.0490514,
1.00294,
0.994087,
0.052602,
-0.053642,
1.00313,
0.994524,
0.0485313,
-0.0533178,
1.00011,
0.997587,
0.0494049,
-0.0497752,
1.00112,
0.999814,
0.0554012,
-0.045711,
1.00381,
0.99617,
0.0536466,
-0.0479707,
1.00272,
0.997976,
0.0529175,
-0.0469345,
1.0023,
0.99713,
0.0448459,
-0.0433688,
1.00133,
0.99954,
0.0474228,
-0.0458899,
0.998634,
1.00295,
0.0444472,
-0.0391888,
1.00104,
0.998426,
0.0507787,
-0.0443655,
1.00829,
0.996112,
0.0478904,
-0.0603469,
1.00157,
0.996633,
0.0471244,
-0.0573736,
0.997201,
0.993322,
0.0528259,
-0.0595837,
0.995476,
0.993379,
0.0467231,
-0.0563715,
0.996999,
0.99392,
0.0467282,
-0.0483327,
0.997075,
0.994631,
0.0478113,
-0.0566818,
0.984359,
0.991826,
0.0530507,
-0.0636969,
0.996094,
0.991782,
0.0529972,
-0.0579051,
1.00302,
0.99985,
0.0368427,
-0.0369058,
0.999137,
1.00016,
0.0375481,
-0.0371811,
0.998502,
0.996673,
0.0561279,
-0.0482176,
1.00578,
0.998385,
0.0564201,
-0.0523821,
1.00486,
0.99541,
0.0613692,
-0.0538813,
1.00735,
0.993119,
0.0556157,
-0.0548911,
1.00482,
0.998837,
0.051752,
-0.0453252,
1.00323,
1.00309,
0.0474662,
-0.0451105,
1.00308,
1.00337,
0.0567295,
-0.045042,
1.00532,
0.998674,
0.0517494,
-0.047038,
1.0032,
1.00425,
0.0464012,
-0.0423568,
1.00029,
1.01062,
0.0428476,
-0.0413883,
1.0008,
1.00234,
0.041397,
-0.0422192,
1.00065,
0.600667,
0.823418,
-0.84427,
0.574993,
0.610341,
0.804796,
-0.822292,
0.612944,
0.62056,
0.794575,
-0.837548,
0.628203,
0.602012,
0.801723,
-0.841487,
0.605863,
0.60502,
0.818467,
-0.846564,
0.577602,
0.623794,
0.842872,
-0.754261,
0.707971,
0.744888,
0.774128,
-0.728063,
0.693098,
0.706262,
0.772449,
-0.70068,
0.694289,
0.629017,
0.770185,
-0.723082,
0.676928,
0.636885,
0.81059,
-0.729113,
0.645959,
0.665866,
0.780289,
-0.705939,
0.681629,
0.696613,
0.749768,
-0.706028,
0.681717,
0.942284,
0.28814,
-0.370167,
0.940535,
0.941143,
0.288373,
-0.326251,
0.931545,
0.919271,
0.29197,
-0.384762,
0.911399,
0.93467,
0.312811,
-0.368124,
0.933916,
0.950059,
0.29391,
-0.288908,
0.917438,
0.946242,
0.298749,
-0.316187,
0.952023,
0.967487,
0.102235,
-0.093114,
0.989,
0.96147,
0.120501,
-0.0925816,
0.973257,
0.979636,
0.106157,
-0.106888,
0.984553,
0.998285,
0.0363898,
-0.0363995,
0.999458,
0.998616,
0.0391486,
-0.0364656,
0.998908,
0.99965,
0.0394185,
-0.038142,
0.99847,
0.99807,
0.034717,
-0.0358664,
0.999153,
0.994875,
0.0358013,
-0.036772,
0.998883,
0.998441,
0.0362406,
-0.0359063,
0.998989,
0.999785,
0.0426653,
-0.0395193,
0.997607,
0.991122,
0.0456473,
-0.0403541,
0.998872,
0.997727,
0.0396238,
-0.0382271,
0.996932,
0.997642,
0.0408286,
-0.0383454,
0.998613,
0.995881,
0.0463998,
-0.0447221,
0.998182,
0.99675,
0.0314113,
-0.0350019,
0.999601,
0.999357,
0.0292926,
-0.0297515,
0.998991,
0.999211,
0.0289862,
-0.0312372,
0.99589,
0.99899,
0.029304,
-0.0311525,
0.999035,
0.999987,
0.0327933,
-0.0302766,
1.00152,
0.997813,
0.0332076,
-0.0335172,
1.00214,
0.998896,
0.0320052,
-0.0307045,
1.00122,
0.998602,
0.0317676,
-0.0323996,
1.0001,
0.999053,
0.030773,
-0.0306062,
1.00044,
0.99817,
0.0309978,
-0.0320077,
1.0008,
1.00013,
0.0369836,
-0.0374146,
0.998883,
0.999276,
0.0380945,
-0.0368351,
0.998288,
0.995529,
0.0476714,
-0.0535206,
1.00413,
0.994189,
0.0479002,
-0.0538356,
1.00068,
0.995152,
0.0481601,
-0.0541425,
1.0006,
0.995635,
0.0460563,
-0.054153,
1.00065,
0.994518,
0.0454318,
-0.0537856,
1.00031,
0.995509,
0.0460972,
-0.0535659,
1.00046,
0.999128,
0.0366746,
-0.0358265,
0.998931,
0.620586,
0.805904,
-0.837571,
0.618199,
0.638142,
0.822303,
-0.882603,
0.576134,
0.671592,
0.786679,
-0.892677,
0.63897,
0.999278,
0.0490395,
-0.0433689,
1.00064,
0.996267,
0.0475929,
-0.0440299,
1.00032,
0.998882,
0.0428346,
-0.0428836,
0.998238,
1.00053,
0.0442815,
-0.0415554,
0.999406,
0.999895,
0.0444586,
-0.0432673,
0.999886,
1.00072,
0.0386309,
-0.0393041,
0.997371,
1.00026,
0.0369238,
-0.0407675,
1.00173,
1.00027,
0.0369202,
-0.0389261,
0.999575,
1.00025,
0.0369152,
-0.0386795,
0.999634,
0.998068,
0.0370452,
-0.0349885,
0.998638,
0.99915,
0.0374252,
-0.0368953,
0.997968,
0.996323,
0.0390548,
-0.0328832,
0.995655,
0.999673,
0.0373907,
-0.0362729,
0.998798,
0.999122,
0.0366954,
-0.0359197,
0.999244,
1.00041,
0.0388094,
-0.0422037,
0.999014,
1.00061,
0.0389257,
-0.0411279,
0.999632,
1.0004,
0.0391206,
-0.0471269,
1.00517,
1.0005,
0.0446199,
-0.0472198,
1.00027,
0.999892,
0.0413408,
-0.0418168,
0.997106,
0.99724,
0.0424461,
-0.0480599,
0.999708,
0.996985,
0.0445075,
-0.0478597,
0.998089,
0.994423,
0.0426187,
-0.0484073,
0.997685,
0.998582,
0.039375,
-0.0438174,
0.994105,
