9.17271e-10,
6.35975e-10,
6.35975e-10,
-1.77339e-10,
-9.15942,
-1.99123,
0.0274401,
7.60798,
-171.449,
158.431,
137.998,
82.593,
-522.403,
118.385,
30.3275,
116.578,
51.0144,
248.479,
256.235,
-13.6097,
-2.1421e-10,
8.86386e-12,
8.86386e-12,
-2.95462e-11,
-2.94914e-10,
-1.18308e-10,
-1.18308e-10,
2.40046e-11,
2.97008e-10,
-1.73689e-12,
-1.73689e-12,
4.16854e-11,
9.99196e-12,
-1.82353e-10,
-1.82353e-10,
7.49397e-12,
1.30771e-10,
-1.60739e-10,
-1.60739e-10,
-1.45301e-11,
9.75534e-10,
7.37958e-10,
7.37958e-10,
4.20489e-10,
-33.8066,
22.4719,
83.2201,
-8.43966,
2.3408,
18.5972,
39.3197,
-16.6095,
-24.1994,
36.2328,
114.666,
-29.361,
-32.0666,
20.6454,
84.6474,
-11.9032,
4.51513,
-0.1784,
-0.367731,
-2.74156,
5.83629,
-12.0876,
-12.9222,
1.67909,
4.3077,
-8.21262,
-8.41849,
-2.46713,
1.81864,
-2.9192,
-1.73547,
-12.2064,
2.47278,
-5.13683,
-5.12428,
-2.58417,
-153.63,
418.421,
378.279,
-145.918,
460.795,
185.173,
-103.029,
-137.374,
123.288,
69.5293,
-9.31623,
-12.3073,
1.74423e-09,
-9.22277e-10,
-9.22277e-10,
4.21311e-12,
1.20271e-09,
-1.35089e-09,
-1.35089e-09,
-1.32332e-09,
-1.02233e-09,
5.72235e-10,
5.72235e-10,
-5.42832e-11,
-9.86387e-10,
2.551e-11,
2.551e-11,
8.1632e-10,
-1.25608e-09,
8.90179e-10,
8.90179e-10,
6.99036e-10,
1.45143e-09,
3.19811e-10,
3.19811e-10,
4.08216e-10,
-0.00694727,
-0.00199974,
0.000360954,
0.00558432,
-0.00765322,
-0.00387145,
0.00448859,
0.00282657,
-0.00625232,
-0.00101472,
0.00168515,
0.00469354,
-202.817,
-170.095,
15.4655,
-41.6903,
-195.516,
-235.275,
-38.1319,
-88.6661,
-229.242,
-21.2783,
160.514,
54.4533,
-273.725,
-203.053,
20.6524,
31.0336,
-198.159,
-133.14,
49.6139,
5.14,
-218.849,
-142.709,
-9.8269,
85.9494,
-106.184,
-181.488,
-77.5096,
-4.73835,
-332.291,
-135.753,
105.109,
89.3938,
418.752,
244.207,
-103.196,
-48.5453,
439.002,
130.211,
-162.049,
-134.301,
-139.269,
-123.004,
-55.4482,
73.0799,
-161.249,
-108.808,
-8.1249,
61.9377,
-100.234,
-271.122,
-194.495,
21.545,
119.786,
-101.881,
-195.834,
-25.7481,
-6.22869,
-0.229416,
-0.263583,
6.61707,
-2.98708,
-0.66678,
-0.715229,
3.54683,
-106.011,
-145.898,
-31.5258,
-12.8671,
-24.6533,
7.40116,
23.4101,
12.5749,
-44.1801,
3.46564,
30.9011,
22.5193,
-40.8446,
-39.8757,
-15.8078,
17.7054,
-0.000413125,
-0.000241298,
-0.00447663,
0.0028584,
-52.8337,
7.38582,
129.078,
-16.9212,
-30.9504,
-3.44537,
31.4678,
6.35401,
-79.0567,
-18.5251,
69.3606,
17.931,
0.833767,
-3.2817,
-3.30293,
-0.591786,
-2.41618,
-6.45206,
-6.82573,
6.5603,
-0.855411,
-5.5123,
-5.32362,
-1.28039,
12.7583,
-4.58576,
-5.45379,
-0.926446,
-2.46173,
4.27198,
5.58695,
-9.53021,
8.67639,
-7.22251,
-8.45333,
0.338995,
-21.0327,
-38.577,
-53.307,
116.644,
12.0906,
-16.5119,
-25.7559,
51.6331,
598.201,
200.866,
250.58,
-37.1092,
377.708,
83.6583,
143.312,
-53.7796,
-102.488,
211.484,
221.648,
174.045,
0.0634772,
0.913112,
1.27412,
-3.48085,
3.24926,
-1.03735,
-0.937052,
-4.18595,
2.26296,
0.922091,
1.71088,
-9.5768,
-0.0941097,
1.39849,
1.92407,
-4.8421,
-0.725031,
2.24731,
3.03773,
-6.51318,
-1.03767,
1.80656,
2.47192,
-5.16767,
8.48633,
13.0341,
12.6404,
-4.47653,
158.648,
18.6254,
-50.4348,
-38.8869,
108.262,
50.3482,
24.5761,
-65.0596,
419.386,
57.3032,
-125.662,
-185.317,
240.051,
173.17,
-1.10652,
-6.72948,
249.234,
61.8839,
-96.4397,
-32.7315,
-91.1347,
-252.766,
-113.959,
-70.9614,
-196.925,
-215.528,
-33.0535,
-22.1026,
-35.2271,
1.13814,
-18.2309,
147.341,
7.99661,
-1.45597,
-14.2277,
70.5579,
-1579.04,
-30.2537,
286.99,
17.8759,
-546.864,
-201.811,
-20.9256,
-162.721,
-6.15576e-13,
-2.23146e-12,
-2.23146e-12,
-1.84673e-12,
9.17238e-13,
0,
0,
1.83448e-12,
-6.44457e-13,
6.44457e-13,
6.44457e-13,
1.28891e-12,
0,
-2.3143e-12,
-2.3143e-12,
1.85144e-12,
-8.74206e-11,
-1.2783e-09,
-1.2783e-09,
-5.1906e-10,
7.13141e-10,
4.88846e-11,
4.88846e-11,
-1.0352e-10,
-9.4756e-10,
-5.50676e-10,
-5.50676e-10,
5.95326e-10,
-7.66035e-10,
-4.61133e-10,
-4.61133e-10,
2.41906e-10,
9.78981e-10,
-5.9698e-10,
-5.9698e-10,
-9.26063e-11,
-34.4399,
35.8437,
93.239,
-5.46076,
-32.0463,
17.6088,
76.2607,
-8.76128,
-33.8036,
36.6241,
106.957,
-14.927,
-46.0447,
33.2299,
72.8313,
18.0258,
-53.2896,
46.4576,
131.53,
-6.39089,
-20.8787,
48.8074,
117.6,
-26.8389,
116.597,
-31.7357,
-327.984,
67.3717,
-0.00476668,
0.00109029,
0.00329224,
0.00349539,
96.46,
45.2327,
-55.7902,
-37.3793,
-0.00103696,
-0.000646128,
0.00957844,
-0.0048662,
-0.00535235,
-0.00191405,
0.00607587,
0.000739345,
-0.00677871,
0.00266222,
0.00640207,
0.0046195,
-0.00406969,
0.000345693,
0.00593266,
0.000844053,
-78.279,
17.7394,
68.1376,
31.1699,
75.1096,
71.7591,
28.4824,
9.30012,
48.314,
-18.3835,
-8.54091,
-65.5848,
-14.586,
-0.6353,
44.8669,
-63.2908,
-56.8769,
17.2338,
72.2622,
5.77974,
-190.811,
-32.1818,
89.5621,
73.9249,
-132.063,
22.05,
134.259,
26.6835,
-153.602,
-21.569,
84.5154,
52.5748,
-94.5398,
25.2095,
89.8652,
34.0556,
-111.138,
16.4315,
98.9714,
33.6355,
-121.721,
15.1112,
114.538,
28.8661,
-115.326,
-31.6058,
21.584,
64.8271,
-300.339,
-57.7905,
206.88,
19.8702,
-266.321,
-95.2786,
131.828,
49.4716,
-160.927,
-2.8407,
203.672,
-19.1048,
-146.481,
-39.3763,
130.619,
-17.5259,
-321.328,
-87.0165,
185.519,
49.1715,
-175.415,
-64.2446,
82.312,
30.3202,
254.141,
3.50291,
-159.886,
-62.1433,
464.921,
-54.2168,
-264.545,
-226.897,
-44.0757,
-139.435,
-81.8223,
-21.2343,
203.14,
-261.729,
-256.29,
-209.835,
113.898,
-175.801,
-242.264,
-43.2885,
-169.522,
-327.059,
-170.854,
-1.67596,
134.676,
-183.696,
-243.062,
-71.9237,
128.977,
-132.378,
-224.501,
-35.9526,
309.796,
-46.3914,
-241.22,
-108.092,
253.384,
17.7731,
-197.077,
-39.7337,
291.766,
8.01468,
-201.362,
-81.9434,
296.241,
81.0498,
-168.96,
-43.8574,
-7.82039,
1.53586,
3.28231,
-0.912963,
-61.7595,
-27.78,
17.1346,
19.5659,
15.89,
1.80992,
-0.939521,
-2.3964,
-24.4939,
12.2138,
17.5113,
-1.45855,
-4.94001,
5.84502,
6.97128,
-0.602006,
-0.676744,
3.48904,
3.81069,
-0.926501,
-0.296267,
15.1566,
16.2043,
-4.85621,
22.1923,
12.2538,
10.3643,
-13.1353,
54.6931,
-32.2613,
-113.454,
22.8459,
-28.5651,
7.82125,
39.1579,
-0.188824,
-52.7958,
17.6247,
60.5347,
13.1422,
-58.3898,
45.8678,
117.944,
-7.97076,
22.7938,
25.7971,
91.8735,
-82.1123,
-0.788209,
2.51429,
42.538,
-35.6622,
-165.797,
-34.7637,
163.848,
36.578,
-149.863,
-30.5601,
175.932,
26.1898,
-69.4134,
-13.3273,
106.782,
-5.27373,
-80.4576,
-23.9886,
70.2126,
15.3485,
-120.549,
-27.912,
109.58,
26.8598,
-92.7812,
-27.9496,
92.2822,
12.1609,
-82.4427,
0.470237,
125.327,
0.944246,
-54.2983,
21.6345,
130.857,
-17.3594,
-21.3866,
18.3035,
103.501,
-35.3912,
-54.4228,
-2.92066,
91.5886,
-8.36333,
-76.9763,
2.39155,
108.063,
5.62547,
-45.0601,
6.25556,
77.2047,
-3.31779,
-34.9145,
29.2997,
109.511,
-19.792,
-60.3452,
19.5669,
120.092,
-7.79089,
-55.3345,
-11.3587,
49.5274,
12.5655,
-63.5394,
-15.3911,
57.2607,
12.6457,
-40.4322,
-7.4378,
37.8935,
8.48628,
-44.5945,
-7.10485,
42.4938,
9.69923,
-64.9211,
1.79704,
84.194,
8.10816,
-5.43032,
-4.3843,
-3.95441,
0.541703,
25.9252,
-20.7045,
-7.61537,
-39.3769,
-38.777,
-81.7378,
-10.1271,
-39.425,
-36.6126,
-60.7892,
-25.3721,
-1.91853,
-31.4397,
-36.0949,
-18.447,
9.62328,
49.6642,
8.94804,
-4.68841,
-33.8402,
2.24325,
68.1975,
36.3381,
57.286,
53.3806,
90.8997,
63.4423,
-15.6406,
62.7686,
82.5397,
8.94105,
37.8261,
107.311,
116.246,
41.0301,
3.45529,
0.451409,
-4.39057,
-3.76415,
-7.40962,
-15.1801,
2.17566,
4.82758,
-3.96973,
-42.3576,
240.828,
44.1026,
306.322,
84.808,
125.581,
62.6588,
14.7752,
106.122,
132.406,
64.9006,
98.4734,
43.0587,
-22.9109,
-45.8307,
38.6274,
0.875914,
-6.75129,
-6.43794,
-3.51719,
2.42074,
-5.1488,
-3.6933,
-13.8794,
0.597762,
-0.70795,
-0.708133,
-0.595653,
0.806753,
-0.730034,
-0.744528,
-0.640506,
9.99966,
-27.1799,
-34.3634,
40.7487,
11.0294,
-11.7546,
-14.9312,
12.2379,
18.1864,
-18.7054,
-22.6823,
10.8495,
15.3288,
-8.96441,
-11.0983,
0.188684,
22.945,
-33.7304,
-36.5991,
-2.63762,
30.6638,
19.9017,
13.857,
-4.18757,
-640.099,
-35.3611,
100.074,
200.342,
-508.06,
185.478,
371.754,
-6.88795,
-1071.35,
-96.5518,
144.779,
287.827,
-518.464,
69.6688,
179.853,
179.253,
6.36766,
7.55011,
7.15251,
-2.09037,
-0.173525,
-0.221469,
-0.304495,
1.41761,
-0.951606,
-0.339487,
-0.395676,
1.78953,
-2.68054,
-3.48161,
-3.5107,
3.10906,
2.66183,
3.52919,
3.30001,
1.11427,
-0.271985,
-1.68287,
-1.65376,
-0.162236,
-0.234974,
-0.952213,
-0.903334,
-0.498551,
0.141524,
-2.32925,
-1.72579,
-9.12882,
16.9802,
-13.3418,
-11.6926,
-29.5086,
80.6196,
-51.1197,
-70.8917,
-50.5825,
209.02,
-28.7425,
-74.4807,
-144.365,
80.5537,
-47.8363,
-65.5327,
-57.4788,
256.933,
154.797,
-14.959,
-37.6464,
329.75,
221.719,
-23.7193,
-45.3301,
375.601,
213.224,
-73.7479,
-29.6023,
172.397,
60.2843,
-49.3746,
-11.1202,
265.625,
79.9948,
-43.5939,
-80.9588,
125.108,
69.2651,
-12.7828,
10.1768,
158.692,
83.8177,
-9.93153,
-9.65492,
158.837,
36.8373,
-51.8964,
-1.34996,
19.991,
10.9228,
1.36239,
26.7963,
14.2998,
-4.60641,
-12.8899,
24.8393,
-1072.56,
186.202,
97.3608,
47.8529,
-202.982,
-176.489,
-108.171,
-292.137,
-1668.19,
1.91785,
91.2952,
214.352,
1174.85,
198.81,
105.76,
-259.677,
807.664,
517.32,
481.159,
-99.2151,
-8.50398,
-0.170156,
4.8202,
188.497,
-13.5003,
51.81,
43.509,
-273.062,
-1176.75,
225.399,
264.416,
107.775,
-341.782,
-125.16,
-35.2459,
19.8067,
-596.976,
20.5431,
181.583,
115.696,
-327.981,
12.1463,
130.252,
10.2054,
-153.882,
-30.3859,
-6.53179,
79.6215,
74.1816,
-69.7285,
-101.566,
56.9516,
-20.7074,
29.7833,
42.6023,
-43.7575,
-8.25279,
17.6971,
30.6761,
-51.4638,
-55.9479,
13.5286,
30.4304,
-25.1003,
-1.25662e-12,
-1.04718e-12,
-1.04718e-12,
0,
8.02833e-11,
4.37909e-11,
4.37909e-11,
1.82462e-12,
0,
0,
0,
3.30294e-12,
1.04489e-11,
3.57004e-11,
3.57004e-11,
1.16099e-12,
-1.06146e-09,
-9.22849e-10,
-9.22849e-10,
4.66896e-10,
-5.34559e-10,
1.54621e-09,
1.54621e-09,
6.73544e-10,
8.42658e-10,
6.60381e-10,
6.60381e-10,
1.67336e-10,
-6.00682e-11,
1.43641e-11,
1.43641e-11,
-8.70554e-13,
-9.73953e-13,
1.46093e-12,
1.46093e-12,
2.92186e-12,
6.25939e-13,
0,
0,
-1.25188e-12,
-52.7113,
-64.0914,
-24.6983,
15.0813,
-79.6354,
-61.3036,
19.0623,
8.70578,
-36.9011,
-17.9575,
25.4521,
5.29345,
-54.8904,
27.495,
82.2837,
16.1227,
-4.59402,
0.606585,
2.94614,
2.93145,
-22.4979,
19.9314,
62.9166,
-7.45308,
-11.8376,
24.6198,
61.8854,
-14.2613,
-20.0743,
9.44184,
42.7043,
-3.26227,
-21.5485,
5.57545,
38.6305,
-1.67789,
-40.3037,
-5.49465,
41.1206,
7.40522,
-32.1754,
-2.21925,
35.7463,
5.35439,
-26.9022,
-3.38945,
30.1625,
3.0782,
-19.9726,
-0.714489,
24.2541,
2.21739,
17.4353,
-13.095,
-43.1454,
0.494284,
25.4039,
22.5736,
48.5851,
-42.9203,
-25.1351,
34.7556,
130.289,
-38.4523,
5.01908,
8.27702,
28.957,
-19.0729,
0.00563175,
0.00391568,
0.000385314,
-0.00359351,
0.00120852,
0.00123762,
0.00175477,
-0.0015071,
0.00649585,
0.00455512,
7.33051e-05,
-0.00390828,
0.00529418,
0.00352718,
-0.000875363,
-0.00275238,
-0.0014725,
-0.00567361,
0.00159653,
-0.00272492,
-0.00037668,
0.00134481,
0.00394893,
-0.00112681,
38.9269,
-0.208754,
-86.1558,
20.0492,
106.118,
31.3249,
-129.161,
-2.0246,
38.5836,
-18.9891,
-89.4263,
9.5319,
92.6348,
9.13232,
-40.7009,
-59.3079,
22.9931,
-8.48794,
-67.3751,
17.7572,
-17.1041,
1.2459,
22.0237,
2.02675,
11.3852,
0.343387,
-12.8396,
-2.148,
-63.4761,
-148.346,
21.3173,
-209.612,
-73.9326,
-79.843,
15.5578,
-76.9272,
-147.607,
38.1111,
151.096,
-78.8359,
-15.4397,
-47.4977,
34.5507,
-125.308,
-10.5026,
73.6001,
102.01,
-45.3639,
2.10812,
122.936,
121.13,
2.02107,
83.2283,
40.2649,
10.5205,
-23.0344,
-41.1668,
9.7288,
59.9539,
-62.1059,
-92.2974,
68.1251,
90.0186,
37.2695,
-320.191,
178.841,
325.271,
-28.8862,
-83.79,
18.5632,
98.1966,
9.66624,
-99.4635,
17.8562,
110.48,
12.9388,
-76.4308,
5.91701,
130.87,
-32.2508,
-72.116,
3.20031,
121.334,
-31.2327,
-173.495,
-10.955,
174.395,
-0.367232,
-309.595,
-147.89,
113.92,
30.0927,
-174.863,
-80.3552,
89.2719,
-0.0974572,
-126.65,
-159.097,
-13.9596,
-45.2415,
-258.982,
-81.0743,
152.597,
15.4546,
-227.983,
-234.52,
-4.93389,
-64.4026,
-205.774,
-152.917,
38.3812,
-28.9038,
-22.4972,
4.5404,
9.34732,
-1.61571,
-9.48466,
2.74357,
4.91632,
-1.27773,
60.3581,
-22.4352,
-99.328,
12.5562,
-23.9116,
-59.5577,
-65.7322,
29.8638,
-45.24,
-74.7848,
-78.3494,
48.6459,
98.3018,
-52.6733,
-151.555,
-2.31172,
-13.1373,
-152.581,
-173.774,
33.9788,
21.4485,
-60.0446,
-112.966,
29.1978,
18.412,
-36.7006,
-76.1844,
18.9009,
-18.2182,
-35.5938,
-41.9758,
24.1793,
13.2805,
-30.9214,
-13.1767,
-29.5519,
-44.0216,
-15.7828,
61.2888,
-27.1574,
31.9825,
-15.5416,
-18.8379,
-28.9562,
10.6323,
-9.28296,
-34,
11.9773,
32.4291,
-24.0944,
-83.4061,
23.2056,
13.7856,
-7.43842,
-36.9955,
13.6251,
31.0302,
-6.87798,
-12.3397,
-4.8594,
-3.45016,
-0.375448,
5.12683,
-17.3699,
-12.7489,
6.59133,
12.8837,
-16.5608,
17.6039,
-2.92344,
-9.05823,
8.02092,
38.0545,
-19.7556,
-29.4618,
5.13337,
22.3543,
-4.17106,
-9.76827,
4.12496,
27.451,
-15.3251,
-16.5381,
-22.6255,
179.259,
-39.5538,
-195.316,
-25.9059,
112.932,
-45.0925,
-183.586,
21.5005,
84.9725,
-21.8629,
-113.271,
3.26649,
-32.9565,
12.9003,
47.4565,
1.60192,
-52.9108,
20.7217,
62.4966,
14.3067,
-87.3697,
33.058,
97.8198,
27.3687,
-68.3247,
45.5097,
98.1944,
19.2201,
-41.926,
-65.758,
4.99988,
-27.7044,
-24.295,
-64.3702,
-12.6396,
-27.2336,
-58.3908,
44.5517,
129.426,
-19.5505,
-61.1501,
48.3641,
136.747,
-20.3273,
0.504074,
6.58867,
5.84784,
7.64253,
-3.12013,
-1.93031,
55.7041,
-47.948,
-10.4724,
14.4646,
57.317,
-27.5307,
-63.9537,
-8.3868,
57.2639,
8.01287,
-23.029,
-6.56114,
28.1029,
-5.98219,
58.0727,
3.3935,
-10.7031,
-45.4368,
-39.0213,
1.50635,
49.4226,
5.63725,
-42.8551,
5.62522,
63.9887,
2.39951,
-46.6402,
10.0861,
75.0791,
1.7454,
-26.3158,
15.939,
59.3821,
-3.82026,
-35.0417,
6.00325,
54.2945,
1.31861,
-27.6076,
3.49488,
39.6616,
2.29616,
1.95578,
4.9403,
4.26362,
5.40921,
-7.64165,
-7.75036,
-6.75875,
-3.709,
-10.8881,
2.80959,
3.19244,
6.8872,
-6.71332,
-8.38109,
-7.09172,
-8.21348,
-3.02293,
-2.94571,
-2.55181,
-1.55664,
-3.91271,
-0.295795,
0.230524,
-2.81224,
-31.5082,
13.2472,
17.7398,
-11.5801,
-18.4319,
-9.7694,
-8.37707,
-3.96668,
-30.9077,
7.06647,
58.4232,
-46.8839,
-19.3823,
-7.43503,
1.40774,
6.15368,
-15.2465,
100.726,
96.5336,
22.1214,
-47.4575,
-17.0823,
7.85393,
2.59321,
-70.7691,
5.96107,
56.9057,
-22.9165,
-97.9421,
-146.162,
-24.2209,
-105.072,
-29.7147,
-41.1037,
10.6457,
-34.4016,
-175.046,
-207.296,
-36.9416,
-50.5503,
-138.941,
-164.581,
-28.8136,
-17.4539,
47.179,
98.6589,
49.4926,
40.1384,
48.4441,
104.466,
48.5269,
39.3163,
57.5296,
84.603,
22.2777,
47.0768,
2.29994,
-8.46175,
-9.76948,
6.8773,
13.632,
11.0046,
11.8046,
-18.64,
6.72237,
15.4961,
17.1007,
-16.1783,
-36.9902,
-104.118,
-34.8485,
-55.4649,
23.3043,
-7.45321,
38.4458,
-91.4136,
-2.14071,
-7.27439,
-35.6151,
41.4847,
41.2835,
-32.8079,
-46.8649,
10.0902,
-1.43882,
2.80104,
3.78686,
-7.4603,
-73.8148,
-8.48437,
-8.34446,
73.3752,
-54.5083,
19.2805,
7.34006,
90.9954,
-151.087,
1.28672,
22.9738,
65.0941,
-8.02313,
-5.67889,
-2.62424,
-15.1544,
20.3131,
-5.82002,
-7.37865,
-9.20712,
32.2247,
-17.755,
-19.8449,
-16.8414,
42.5485,
1.97703,
-2.49578,
-9.8426,
37.9174,
-17.0077,
-20.2087,
-13.4651,
19.4585,
-10.7982,
-12.0589,
-9.99234,
-9.42693,
-48.8256,
-50.4683,
20.3184,
19.1886,
-27.3811,
-27.6887,
-17.0134,
-13.3993,
-13.0068,
-8.95911,
-13.4349,
0.356769,
-22.6297,
-21.0448,
-11.6578,
-0.0236941,
-19.6515,
-15.5373,
-29.1592,
-129.097,
-38.6795,
-17.2681,
41.2673,
-107.594,
-82.7321,
-36.4623,
-90.6034,
-234.32,
28.9842,
77.5908,
77.9577,
-457.805,
-98.2769,
3.16432,
99.7888,
-425.43,
-107.117,
-17.9836,
112.531,
9.75883,
-2.0239,
-5.9779,
5.46275,
-11.5745,
-130.936,
-144.623,
60.2141,
-8.12561,
155.664,
154.773,
10.5151,
-518.808,
112.907,
240.755,
134.002,
43.2167,
403.723,
436.638,
-220.29,
188.781,
144.443,
55.2106,
292.564,
7.25138,
8.0043,
7.45922,
-1.37632,
-6.72141,
4.41286,
4.66517,
3.88113,
-5.54774,
7.50029,
8.05397,
-0.317976,
-23.1646,
7.00945,
7.99609,
12.3205,
6.84014,
4.94591,
4.43843,
-1.3684,
3.36187,
5.03817,
4.88134,
-0.901161,
-3.5151,
-2.09957,
-2.4446,
8.42524,
-0.729789,
-1.21278,
-1.17902,
0.2385,
-4.4767,
-5.74238,
-5.33272,
-1.38999,
-1.59588,
1.07836,
0.868481,
4.69443,
1.58418,
4.22046,
3.62296,
7.2279,
-10.5711,
-5.61011,
-4.77842,
-2.74927,
-0.448561,
1.87814,
1.76775,
2.29671,
1.80648,
2.60556,
2.44884,
0.772661,
-0.333059,
-1.49105,
-1.39781,
-1.05896,
-0.017429,
-1.75031,
-1.51149,
-3.51876,
48.9961,
37.4507,
43.2245,
-69.0445,
35.2509,
14.5999,
19.6339,
-56.0185,
64.0237,
-8.19633,
-19.0782,
-19.1414,
-1.38093,
-16.1471,
-2.57137,
-51.9371,
25.5864,
-29.1203,
-11.5552,
-90.867,
234.521,
317.165,
219.363,
69.785,
557.412,
140.02,
50.7746,
-209.634,
349.21,
129.208,
82.2751,
-176.039,
106.499,
37.911,
34.3948,
-94.1388,
133.833,
97.5824,
78.7502,
-64.3895,
230.859,
48.0091,
3.64218,
-57.8994,
241.276,
105.567,
65.8935,
-94.2237,
31.5615,
9.092,
5.9712,
-5.95029,
0.194322,
-1.05952,
-1.18123,
1.21284,
2.28747,
-2.15252,
-2.35163,
-0.00938337,
2.5071,
-0.289545,
-0.404557,
-1.20574,
10.6995,
6.31172,
5.37256,
-0.887224,
9.87538,
8.85623,
8.17043,
-2.57391,
-130.883,
-215.653,
-50.6248,
-91.6883,
-22.6831,
-78.4867,
13.4761,
-115.804,
-24.7849,
-123.458,
-29.9264,
-96.8898,
4.87912,
-178.123,
-100.847,
-109.588,
-7.1473,
-100.44,
-30.2193,
-101.027,
54.5788,
-24.8396,
-0.737299,
-90.3681,
112.694,
72.0448,
-1.53468,
-6.15395,
164.674,
80.3185,
-26.8862,
7.1906,
128.832,
41.0797,
-25.0286,
8.83516,
139.636,
81.0479,
-3.67932,
28.2168,
12.5069,
-3.26859,
-10.3647,
27.9456,
5.04789,
10.0365,
1.08781,
42.8232,
2.92313,
9.01559,
0.896348,
41.011,
-8.2985,
11.75,
1.74946,
60.4538,
4.3277,
18.3494,
7.68245,
52.4155,
-3.94239,
17.2944,
6.00605,
65.0667,
0.287416,
16.9685,
5.34711,
63.768,
-6.35458,
-1.66259,
-9.26131,
47.1516,
-0.670801,
13.0614,
14.1105,
-4.33152,
2.81366,
-13.0999,
-11.6371,
-9.37843,
2.31195,
1.49862,
1.44639,
-0.92807,
1.00805,
0.780239,
0.730255,
0.330839,
-2.95676,
-1.9809,
-3.1632,
15.7854,
-28.6165,
-17.3016,
0.116299,
-60.1381,
-119.332,
-21.4528,
9.80875,
-25.351,
-31.1892,
-52.0631,
-42.8801,
-33.1259,
6.5438,
-10.0175,
-7.36619,
-23.5234,
-7.31116e-13,
-1.09667e-12,
-1.09667e-12,
0,
0,
1.00196e-12,
1.00196e-12,
3.23213e-13,
4.10883e-13,
-8.21765e-13,
-8.21765e-13,
-2.4653e-12,
-9.59444e-10,
7.26066e-10,
7.26066e-10,
-5.18618e-11,
-2.73845e-10,
1.52136e-10,
1.52136e-10,
7.21239e-11,
1.21488e-12,
-1.82232e-12,
-1.82232e-12,
3.64465e-12,
9.2298e-11,
4.92602e-12,
4.92602e-12,
5.18528e-13,
-219.122,
292.393,
246.545,
11.0785,
-112.33,
154.402,
130.674,
4.47392,
-378.406,
452.59,
402.861,
117.255,
119.683,
104.614,
130.692,
1.45589,
21.8009,
47.3399,
56.6211,
-28.2329,
-2.44305,
1.39042,
1.49049,
2.372,
-32.5705,
2.2232,
25.3088,
15.0981,
-41.6898,
6.61293,
89.2564,
-20.0499,
-36.3926,
14.8377,
61.6959,
0.249063,
-8.88422,
7.90829,
26.7586,
-4.39685,
-7.51866,
1.01338,
6.45594,
3.64632,
-13.2975,
14.9491,
52.5148,
-13.0089,
-16.9939,
3.22178,
27.3932,
-0.185318,
-21.8086,
-1.38217,
25.4255,
2.71402,
27.7723,
53.3319,
43.2444,
-21.5478,
48.4539,
9.95041,
25.5759,
-58.6208,
109.227,
-17.0703,
-121.382,
-42.2526,
29.0521,
23.7855,
19.3629,
-26.141,
-52.3193,
-13.8188,
99.9247,
-20.6846,
-26.3341,
41.4356,
150.429,
-42.7951,
15.6705,
-16.087,
40.8461,
-50.756,
-41.1405,
0.92774,
115.947,
-31.7149,
-94.1135,
-2.2374,
151.693,
-0.803698,
-60.8735,
4.73362,
100.021,
4.06306,
-34.8359,
14.2178,
111.712,
-22.398,
-89.2311,
-38.8965,
102.299,
4.78896,
0.00422268,
0.00022404,
0.000624082,
-0.00445365,
1.49551,
11.0679,
21.048,
-7.32355,
5.16436,
0.29736,
21.3022,
-17.3828,
-0.00194027,
-0.000506624,
-0.00338835,
0.00360404,
0.00154047,
0.00300112,
-0.00319508,
0.00203692,
50.0386,
-30.1104,
-220.444,
77.8363,
48.4793,
-26.6903,
-145.421,
31.694,
-13.1711,
13.0975,
-3.05135,
25.6807,
3.34445,
0.998255,
-18.0001,
10.9737,
10.1021,
3.45409,
-7.41812,
-2.56541,
10.6757,
3.24287,
-7.01636,
-3.54931,
10.9096,
4.77415,
-6.15874,
-3.3217,
-12.384,
-4.02525,
7.36974,
4.26983,
-25.4602,
-11.0581,
5.9678,
13.2474,
-21.1141,
8.05474,
28.0065,
7.09192,
-48.0245,
8.59304,
65.4676,
7.93057,
14.2953,
-6.13512,
-21.3434,
-3.52667,
10.8767,
-1.97291,
-12.8534,
-3.209,
11.6438,
-0.856779,
-13.7116,
-2.57495,
9.54895,
2.22196,
-7.53786,
-2.72521,
15.3998,
3.24428,
-13.1867,
-3.91388,
13.2751,
4.76741,
-7.19253,
-4.95725,
14.5378,
-0.460639,
-13.819,
-5.1589,
37.714,
-9.1282,
-39.9326,
-16.4963,
-110.748,
21.323,
164.343,
-169.32,
-63.763,
-29.1848,
50.1123,
-78.6811,
-56.9851,
20.3323,
86.6925,
-4.21714,
-32.3759,
5.56672,
36.7828,
3.35959,
-32.9306,
11.5237,
46.8816,
0.318234,
-148.949,
-0.35331,
184.19,
-24.4139,
-170.189,
-19.3111,
160.679,
-1.75539,
-53.2202,
16.1889,
143.289,
-58.6844,
-185.717,
26.3026,
210.339,
13.3813,
-154.248,
-10.8306,
152.704,
0.162935,
-120.819,
51.2776,
296.347,
-99.3973,
-96.37,
36.1906,
216.47,
-67.4312,
-69.3083,
24.074,
149.576,
-44.7169,
-177.44,
-7.33772,
147.248,
30.2979,
-253.208,
-2.4849,
240.509,
21.5825,
-27.7916,
-113.302,
-30.1805,
-90.3036,
-11.9233,
-79.133,
-18.1082,
-72.4625,
11.2134,
-36.4476,
-38.0153,
-9.75981,
8.2172,
-30.0429,
-26.9084,
-11.1073,
11.6551,
-31.7703,
-29.4818,
-13.7546,
-31.1804,
-51.258,
4.72588,
-27.0864,
39.9615,
15.7393,
25.9846,
-50.2969,
2.61633,
-85.6961,
-1.01814,
-99.0873,
-4.26709,
22.0283,
-45.5402,
131.026,
83.0933,
230.699,
117.651,
177.444,
-9.59701,
40.9428,
13.1696,
83.6859,
20.2277,
42.2901,
-2.43484,
102.108,
-36.2185,
-43.8984,
22.3121,
-71.3833,
-22.054,
-89.0191,
-4.72639,
-126.768,
1.06384,
-65.7025,
-34.3534,
-52.4103,
-37.3676,
51.7967,
54.0408,
33.0357,
-41.5941,
18.1152,
30.7182,
-19.1676,
-8.49912,
-19.8193,
-5.40294,
-46.8166,
-13.5848,
6.83913,
11.3939,
-7.44487,
4.62645,
13.9968,
17.7086,
-20.8557,
0.624816,
11.6999,
13.8227,
-10.5819,
1.28403,
10.3603,
11.9197,
-8.69056,
29.2974,
2.80749,
0.13175,
-17.2509,
82.844,
101.148,
25.5775,
13.2441,
-28.302,
26.6606,
47.6532,
8.92725,
-37.5707,
25.5964,
46.8319,
18.1915,
-22.412,
7.22295,
27.5902,
4.1072,
-27.4336,
47.8172,
67.2802,
9.37979,
-52.2568,
35.2891,
86.1355,
4.92836,
-50.6651,
36.7721,
84.5455,
6.23692,
-89.7641,
-114.025,
-10.5485,
-9.56691,
-41.569,
10.4989,
68.3299,
-10.8677,
-41.2389,
31.5453,
102.777,
-23.9963,
-69.9071,
-37.0495,
20.2203,
16.8299,
-41.0562,
13.6798,
43.0282,
14.4865,
-1.17127,
0.474785,
0.55306,
-0.0969131,
-0.588019,
-7.17661,
-3.41255,
-2.50081,
-27.7808,
9.96975,
33.5063,
8.06413,
30.9407,
-5.23809,
13.1245,
-46.8759,
16.5966,
9.10883,
-3.82426,
-5.22516,
26.8882,
-36.0624,
-29.8594,
-32.6452,
35.204,
-7.13899,
-21.4012,
-21.8423,
45.6408,
-10.6981,
-26.4558,
-31.1699,
36.3293,
-5.01703,
-30.5723,
-13.1242,
10.4018,
-1.24561,
-1.85352,
-1.0934,
4.96072,
1.87246,
1.64354,
-1.5522,
5.64705,
3.06735,
2.90345,
-3.07039,
3.8301,
3.47893,
3.48727,
-3.94969,
-3.14951,
1.63774,
1.83685,
0.0433449,
1.48011,
2.09396,
2.00107,
0.0260717,
-0.36678,
2.86737,
2.90478,
-0.231393,
-2.96692,
2.2673,
2.45289,
0.0519574,
11.1083,
8.67366,
7.24878,
3.19433,
3.49677,
7.23076,
6.4747,
4.38353,
-6.53615,
0.023992,
1.29924,
-4.68693,
-18.5973,
2.42247,
4.23047,
1.09644,
-1.02576,
3.62826,
3.60658,
1.24018,
-2.38599,
13.6131,
16.478,
-18.4086,
8.31206,
3.86517,
3.34762,
-4.5963,
-3.28755,
7.06884,
6.79068,
5.91721,
20.6825,
13.8296,
11.5718,
-2.93079,
-21.4141,
14.8834,
27.0498,
-17.5576,
-21.4102,
-3.3901,
14.1894,
-32.4669,
-20.7103,
20.375,
46.0979,
-70.3965,
-13.8613,
-2.40024,
-35.6443,
81.8293,
-75.1784,
60.8808,
64.5504,
68.0922,
-4.95085,
63.0334,
19.9768,
88.9852,
-35.0844,
36.298,
13.1336,
80.6107,
-39.2869,
-48.3068,
-38.623,
13.5766,
-31.8662,
8.12681,
-21.2703,
92.5191,
-41.1219,
22.0024,
38.3553,
3.58871,
-81.6251,
-19.2181,
-19.6699,
82.5756,
13.993,
6.86552,
8.53243,
-23.9379,
59.8743,
-22.4995,
-37.6908,
-1.47345,
-47.3497,
7.02923,
-11.4298,
101.219,
1.36518,
20.8526,
1.3217,
37.1726,
-70.2691,
-22.6787,
12.437,
-8.038,
-37.9716,
-74.902,
9.3515,
-129.185,
-13.2873,
-2.87045,
47.205,
-124.231,
0.298828,
-3.58204,
-2.45462,
-12.6885,
0.265739,
-2.6767,
-2.06432,
-6.85313,
-0.0370595,
7.57145,
9.89978,
-20.1702,
-17.8391,
2.54696,
4.00226,
0.22795,
-4.11712,
3.93493,
4.38653,
-2.02034,
-10.9848,
3.68844,
4.55957,
0.259666,
-4.01272,
0.833588,
1.2705,
-2.23753,
3.51726,
-33.488,
6.04711,
-51.459,
-6.5151,
-44.2183,
-4.22382,
-40.786,
5.12261,
-56.0357,
-6.55617,
-65.6059,
-8.23039,
-59.5916,
-9.65835,
-54.313,
16.9206,
-74.365,
-16.9326,
-89.3231,
-9.98667,
-30.6333,
-14.557,
-48.0983,
-17.153,
-2.41702,
4.65131,
-12.7525,
16.9224,
-10.368,
-10.9901,
-14.3109,
-10.3652,
44.5945,
36.6934,
37.6196,
5.77889,
-11.1352,
-10.5849,
-9.39359,
-32.6526,
-16.8238,
-20.1525,
50.0684,
-4.26249,
47.1638,
35.009,
82.8794,
-0.856968,
-11.334,
-10.6529,
-4.81608,
-5.27295,
4.49472,
0.39451,
39.5428,
-14.3631,
-7.31671,
-8.30474,
21.7824,
5.89728,
-1.14522,
-4.47888,
20.6713,
-2.77587,
-13.5073,
-15.2408,
17.5548,
0.375774,
-5.8865,
-8.00908,
18.2923,
75.9352,
40.0064,
31.8,
-34.9774,
1.12095,
-0.349865,
-0.321906,
-1.43968,
0.258425,
0.104577,
0.146797,
-0.742893,
0.139716,
0.0184505,
0.0524692,
-0.529923,
0.651723,
-0.092848,
-0.076402,
-0.838227,
0.0901789,
0.266585,
0.335023,
-0.870828,
-7.30179,
-0.0257305,
4.44702,
-26.19,
-18.8748,
-5.31136,
1.10238,
-19.8268,
-14.216,
-17.6479,
-12.5936,
-18.9258,
4.04207,
-32.6595,
-13.0728,
-84.7451,
-13.8807,
-7.7316,
1.53467,
-31.5111,
-1.65554,
0.0192869,
8.95462,
-39.4481,
-9.91625,
-15.2886,
-6.24965,
-33.775,
-9.73587,
-20.8562,
-9.64922,
-39.0343,
-4.16042,
-19.8499,
-4.19478,
-66.5883,
231.866,
49.8742,
0.83217,
-49.9224,
270.473,
175.287,
133.146,
-122.322,
-3.11273,
84.116,
78.4421,
22.4062,
-369.97,
136.357,
217.969,
77.4959,
76.2251,
-90.8604,
-101.957,
-29.3862,
-7.72313,
7.09572,
7.63625,
1.72145,
-8.5903,
11.078,
10.9576,
9.95794,
4.6029,
3.94999,
3.63838,
-1.26431,
-0.0205388,
0.79918,
0.885947,
-0.937557,
-0.0784387,
0.708937,
0.830996,
-1.27875,
12.727,
8.35203,
7.66119,
-2.89335,
-12.8669,
3.49096,
4.32135,
1.04546,
-0.414676,
2.42384,
2.39848,
0.80143,
-0.949226,
3.09681,
3.25132,
-1.38697,
4.80612,
1.97003,
1.69821,
-0.401115,
6.44985,
1.77634,
1.38595,
-0.139874,
6.45355,
1.18865,
0.875071,
-1.47443,
-0.927312,
10.1658,
8.91932,
16.885,
-0.281176,
-2.10105,
-2.17211,
1.26998,
-1.4137,
0.941616,
0.912769,
1.76351,
-4.40616,
-0.892416,
-0.644507,
0.941446,
-1.54604,
-0.0830547,
-0.0867414,
1.60909,
-0.123123,
1.49248,
1.42718,
1.22135,
-2.14484,
1.72397,
1.81672,
0.635588,
-0.473296,
2.51096,
2.48724,
0.860718,
-1.20261,
0.304818,
0.349984,
0.446251,
-1.80699,
0.462029,
0.514486,
0.932204,
11.4808,
-5.43798,
-6.32604,
-3.82174,
-5.18013,
6.69759,
8.08953,
-8.45242,
-5.22384,
6.03013,
6.62082,
-0.548812,
14.9659,
11.5146,
10.9278,
-9.5538,
1.85633,
-1.3199,
-1.63833,
1.83497,
19.2454,
12.7724,
10.7175,
2.02566,
24.9218,
-4.59509,
-8.06394,
8.60428,
72.7384,
1.43052,
-5.45002,
-12.9562,
3.42197,
-1.43378,
-1.88368,
1.86807,
1.75471,
-2.06927,
-2.60867,
4.51865,
5.93521,
-7.70099,
-8.93803,
9.19876,
27.9926,
-0.295965,
-2.70444,
-1.41784,
146.319,
60.857,
-20.4013,
-3.99641,
87.5058,
26.7851,
8.8884,
-12.8974,
77.5733,
-4.47967,
-25.4343,
15.7698,
17.7532,
7.08536,
-4.87433,
41.2463,
33.5646,
-2.32624,
-16.2988,
35.8743,
-28.5187,
9.86345,
7.54657,
41.0178,
-9.66418,
-11.6362,
-11.1084,
6.98026,
-30.0729,
-23.1404,
-15.7076,
-12.3,
-26.1963,
6.45522,
13.8048,
-12.2806,
4.57455,
-0.583292,
-0.724556,
-0.933146,
3.67428,
-0.266627,
-0.404308,
-0.076287,
-0.438119,
0.814749,
0.802367,
0.775829,
0.791489,
1.34694,
1.32547,
-0.219714,
-0.218396,
0.120607,
0.105417,
0.64028,
0.12507,
0.379438,
0.356691,
0.637896,
0.165856,
0.707036,
0.674147,
0.927298,
0.260126,
-0.595674,
-0.593317,
-0.340123,
8.38848,
1.74508,
1.23987,
2.25788,
3.24857,
-0.745262,
-0.905333,
0.830454,
-423.975,
-66.4882,
41.5573,
14.3235,
-99.0866,
-157.726,
-119.38,
-144.524,
19.6991,
23.0903,
12.3496,
31.3246,
0.21194,
-5.42922,
-7.35499,
8.86724,
-14.5817,
-31.1691,
-24.7322,
-24.366,
-1.16551e-12,
2.91377e-13,
2.91377e-13,
1.16551e-12,
6.72373e-11,
1.82399e-11,
1.82399e-11,
0,
6.09712e-11,
4.69987e-11,
4.69987e-11,
-1.52428e-11,
5.14937e-11,
5.44362e-11,
5.44362e-11,
2.05975e-11,
-4.20444e-11,
2.20921e-11,
2.20921e-11,
2.05717e-11,
5.99442e-11,
2.95975e-10,
2.95975e-10,
-4.74559e-11,
9.02797e-10,
-6.7875e-12,
-6.7875e-12,
2.73861e-11,
-683.544,
105.362,
-6.23231,
73.9456,
-447.107,
206.706,
139.173,
101.891,
-1703.15,
240.237,
73.9818,
311.057,
335.131,
252.271,
311.798,
18.5449,
704.679,
436.985,
470.675,
-23.9247,
-5.73677e-13,
2.86839e-13,
2.86839e-13,
0,
1.51971e-12,
-1.01314e-12,
-1.01314e-12,
0,
25.0133,
14.0934,
35.7632,
-39.2948,
-34.4937,
49.0416,
80.5625,
12.2148,
-3.13482,
54.7633,
114.604,
-37.877,
7.46289,
14.3276,
33.8513,
-21.0486,
8.63591,
14.4331,
20.7844,
-13.0838,
-2.08327,
3.54773,
15.4412,
-6.27784,
-77.956,
19.7254,
104.646,
10.173,
-97.587,
11.7835,
104.515,
24.5852,
-234.033,
-67.2915,
151.121,
52.3581,
4.69705,
9.20316,
-4.82179,
4.6509,
27.7697,
2.60977,
-2.56273,
-24.4453,
54.5319,
3.12175,
167.149,
-160.804,
-10.2223,
-70.9528,
-21.2058,
-48.3786,
41.5895,
63.2977,
46.4055,
-20.0719,
13.8977,
6.6932,
32.5836,
-42.4385,
-4.32077,
20.0928,
-7.06589,
33.2016,
6.42823,
55.361,
-51.9743,
120.847,
36.1909,
125.725,
50.0635,
48.1704,
-51.2066,
206.399,
-9.08021,
276.4,
11.4272,
3.76831,
-18.3621,
5.87566,
-0.961346,
10.1722,
-38.8819,
45.1592,
8.69855,
0.102758,
-10.8189,
-0.944818,
-0.296859,
-11.5976,
-26.7547,
11.2243,
3.89636,
-5.89642,
-18.2799,
4.97397,
6.45249,
-4.72371,
-19.7903,
4.4002,
5.59915,
-0.638606,
-12.9693,
3.36419,
-6.96207,
1.05698,
-13.628,
17.8876,
-6.50295,
-2.87508,
-8.80832,
10.8852,
-16.9551,
-2.26081,
-3.14252,
17.6011,
12.5916,
-1.88066,
-12.5132,
-5.13244,
11.6701,
-0.683954,
-11.4166,
-4.13819,
-74.0396,
23.7131,
139.117,
-31.2809,
-49.0284,
14.7077,
89.8258,
-19.4384,
-63.9919,
15.1858,
143.78,
-50.4545,
-30.6933,
7.18459,
80.8547,
-34.4571,
-2.46422,
-24.3739,
-24.9846,
3.01781,
3.8096,
-17.1011,
-16.7553,
-4.11885,
9.43088,
-6.92003,
-23.4289,
5.53463,
0.264517,
-15.2372,
-27.257,
10.3401,
-9.7391,
-35.1806,
-32.7837,
7.50693,
1.26751,
-42.019,
-49.0988,
5.24334,
18.5962,
-17.8192,
-45.601,
7.17805,
-2.795,
-38.5902,
-63.792,
26.3897,
-1.28108,
-18.4477,
-31.0307,
12.804,
1.26391,
-23.8961,
-27.8359,
2.35692,
14.7303,
-15.8241,
22.0108,
-51.4932,
-1.341,
-23.9109,
-18.5326,
-3.45169,
-17.1055,
-86.4696,
-27.6556,
-33.9193,
-0.00719049,
-41.3961,
-25.6113,
-14.3413,
27.5016,
-34.2182,
-12.544,
-48.1011,
14.3196,
-13.9494,
-4.41597,
-23.6224,
-68.245,
-25.8829,
8.47066,
-4.37133,
-69.4523,
-29.6044,
-28.3842,
66.4897,
-24.468,
-42.5452,
-26.4281,
-10.9904,
-17.653,
2.32408,
18.0926,
3.07606,
-24.2858,
-1.80944,
19.6573,
4.3986,
18.843,
47.8167,
1.72806,
32.1183,
66.8547,
46.8583,
-11.7551,
2.00319,
-10.0165,
-11.8163,
15.3158,
-16.0941,
-8.4625,
19.2778,
41.7121,
-12.8278,
-15.6873,
-15.1556,
19.9566,
-18.1686,
-37.0553,
7.9331,
61.4886,
-13.4285,
-19.8993,
13.5201,
43.3133,
-8.16361,
-3.20952,
0.794867,
1.00369,
-0.155039,
-7.0233,
1.3501,
1.83516,
-0.408746,
-2.30781,
0.787806,
0.97256,
-0.618116,
18.5772,
12.1776,
-19.0553,
8.95703,
36.7826,
6.01133,
-22.167,
-12.3559,
46.9899,
5.93443,
-7.95946,
-33.8202,
-8.72365,
96.3447,
-33.0222,
131.153,
19.5558,
54.0684,
-4.20798,
37.4741,
26.283,
58.5983,
-11.8673,
42.538,
7.03486,
-2.57553,
-2.18434,
-9.64168,
4.44186,
-2.19141,
-1.72566,
-7.49106,
0.0288865,
-4.22271,
-3.52319,
-4.78439,
3.50351,
2.8544,
4.79317,
-16.1089,
13.8956,
8.61113,
11.6333,
-32.1695,
-1.9789,
12.5197,
18.9078,
-39.972,
-1.45387,
10.0859,
2.40441,
70.6589,
1.28166,
-41.1049,
-71.1273,
156.541,
-17.6428,
-45.2699,
-74.8565,
84.7864,
48.4553,
-59.3801,
-111.96,
77.8957,
-0.166704,
-1.20106,
-2.04259,
9.1111,
-6.51823,
-10.1186,
-9.68888,
2.16021,
-2.5212,
1.24567,
-0.827688,
23.6084,
1.98264,
-0.169194,
-1.32988,
9.2154,
-2.82907,
0.862825,
0.416212,
7.08612,
-3.72554,
-20.916,
-19.2604,
-9.87699,
9.75553,
-13.2399,
-14.1469,
-4.1531,
-1.56653,
-0.550741,
-0.599955,
2.05658,
11.0014,
-9.54084,
-11.2205,
6.34293,
13.0712,
0.661684,
-0.0694369,
-6.8108,
7.62752,
0.645484,
0.769197,
-9.05742,
12.1452,
-6.44687,
-7.47049,
-0.618531,
7.24906,
-3.37116,
-4.12475,
2.39771,
18.0201,
-15.2892,
-20.6259,
-3.36373,
-1.54985,
-16.2473,
-5.703,
-52.2359,
-3.89746,
7.0194,
9.15225,
-15.9505,
1.17915,
-2.37089,
0.738204,
-25.4048,
-24.1013,
-18.9948,
-13.8174,
-8.67453,
1.19687,
4.48375,
4.11591,
1.27625,
1.36681,
5.15255,
4.49616,
3.05646,
0.549945,
0.66544,
0.728748,
-1.25483,
0.797391,
-0.0351286,
0.0033493,
-1.23057,
-0.226603,
0.546664,
0.646382,
-0.88957,
0.0522886,
0.477002,
0.579834,
-1.21131,
-0.102386,
0.357436,
0.444764,
-0.88928,
-20.0123,
-1.4748,
2.82795,
-15.7344,
101.276,
42.2282,
6.85691,
17.911,
-17.6028,
-5.38685,
-3.31656,
-4.84062,
-21.0385,
3.82237,
5.99925,
-1.38845,
-5.38212,
6.71751,
7.6627,
-4.69779,
-12.6314,
6.81378,
7.77787,
1.99026,
11.5716,
5.30121,
4.27859,
-0.697625,
7.78826,
-0.973194,
-1.42524,
-0.774814,
11.935,
-3.53108,
-4.30202,
0.319594,
0.332874,
1.70539,
1.25533,
5.51305,
3.91033,
2.67515,
2.05993,
3.04808,
-13.1351,
-5.22696,
-4.42339,
3.59818,
0.124676,
3.18464,
3.57712,
-5.24925,
5.79693,
0.839827,
0.07438,
2.9618,
16.2019,
3.10248,
1.65877,
1.01271,
-8.69674,
6.29223,
7.10539,
-1.33301,
-27.9463,
-9.66967,
-6.60383,
-5.69923,
-9.58762,
-3.32774,
-1.35789,
-13.5364,
-6.03041,
-8.46268,
-6.96485,
-14.4435,
-2.89,
-0.752343,
-0.55314,
-0.388984,
-3.01456,
-2.0046,
-1.76542,
-1.0184,
-6.19234,
-0.0789217,
0.276624,
0.497741,
-1.6572,
1.18838,
1.25398,
0.592528,
-2.67648,
-0.235558,
-0.0986428,
0.406831,
-0.235844,
-6.86728,
-5.37688,
-11.7413,
1.78634,
6.08194,
8.33341,
-21.0199,
-1.33843,
-2.00539,
1.30452,
-25.0981,
2.20744,
-0.327014,
-0.486372,
-0.411313,
8.66311,
-1.1211,
-1.86721,
-0.246525,
3.88412,
1.25973,
1.02735,
-1.31702,
2.19854,
3.17918,
3.1191,
-1.5456,
11.2109,
4.15466,
3.32888,
-2.20466,
6.18506,
1.28645,
0.844719,
-1.26276,
164.39,
37.0668,
-45.2876,
16.6285,
137.139,
58.1525,
-20.0889,
21.576,
140.491,
27.934,
-20.7655,
10.2466,
105.407,
60.4456,
2.60894,
44.78,
91.5184,
-0.406062,
-36.8086,
45.9234,
192.433,
16.3759,
-60.958,
7.42259,
156.227,
-5.80139,
-44.1036,
6.94387,
151.407,
-2.66089,
-42.1542,
8.24735,
148.979,
30.6806,
-5.61052,
-5.14569,
32.8583,
-15.777,
-31.2345,
48.3602,
111.847,
10.296,
-19.9498,
13.0515,
37.7008,
-44.1564,
-55.4189,
58.1096,
17.904,
-1.9495,
-10.7189,
30.9747,
29.6083,
-14.0262,
-23.9959,
30.0275,
-31.6246,
-20.5556,
-22.5005,
43.2775,
-12.7769,
-16.6768,
-16.7618,
13.2667,
-23.3859,
-5.9212,
-3.11693,
6.9695,
-20.9927,
-31.4017,
-26.9719,
-6.90354,
-3.69028,
-16.2838,
-17.2455,
9.82393,
3.01911,
0.106455,
0.0218424,
-0.935773,
-0.124412,
-0.0615288,
-0.0636032,
0.183661,
-0.854508,
-0.126257,
-0.135291,
1.15477,
-0.706913,
0.493592,
0.455351,
1.96692,
-0.540539,
-0.690672,
-0.712143,
1.26159,
-0.992077,
-1.40631,
-1.4009,
0.811963,
0.353117,
-2.18002,
-1.95073,
-6.18335,
13.9571,
7.73079,
6.74305,
3.60952,
1.75868,
3.91344,
3.50502,
5.3224,
-0.924072,
-6.74318,
-10.7757,
30.6247,
23.0505,
33.5992,
27.6769,
28.801,
7.22301,
0.523929,
1.31309,
-13.4367,
-40.3942,
-50.9189,
-42.4982,
-34.3288,
10.911,
22.7172,
18.8281,
24.45,
5.6329,
-0.800768,
-1.04516,
0.498586,
-270.141,
-102.973,
-2.7995,
-78.3536,
-386.747,
56.975,
215.844,
-26.3783,
-246.498,
-3.44607,
113.562,
-33.3006,
-181.163,
13.6974,
108.509,
-36.7419,
-626.021,
-197.78,
17.9759,
-38.2105,
5.04311,
-16.485,
-18.5127,
7.57216,
36.355,
11.4945,
5.06011,
6.64428,
17.6953,
4.90627,
-15.4914,
104.639,
49.4903,
-5.33612,
-15.434,
2.90061,
32.5021,
20.2562,
20.9869,
-36.2066,
54.7586,
-4.71848,
-8.30761,
-34.42,
20.1043,
1.37757,
-3.2509,
4.5198,
10.8935,
48.6187,
64.3931,
-94.5115,
-11.664,
16.4504,
26.9962,
-42.7599,
5.98431e-11,
5.47112e-11,
5.47112e-11,
-2.44168e-12,
1.33428e-10,
-2.64893e-11,
-2.64893e-11,
2.94326e-12,
1.23805e-11,
-5.61544e-11,
-5.61544e-11,
1.76864e-12,
-8.34104e-11,
5.64546e-11,
5.64546e-11,
-2.0344e-12,
-1.1818e-10,
-2.40054e-11,
-2.40054e-11,
-1.05518e-12,
-5.01858e-11,
-1.97158e-11,
-1.97158e-11,
-1.79235e-11,
-5.29405e-11,
1.8334e-11,
1.8334e-11,
1.53031e-11,
-2.8666e-11,
2.75842e-11,
2.75842e-11,
2.37982e-11,
4.17855e-11,
-1.7991e-11,
-1.7991e-11,
-2.08928e-11,
6.3095e-13,
1.45907e-12,
1.45907e-12,
-5.52081e-13,
9.61129e-13,
6.40753e-13,
6.40753e-13,
2.56301e-12,
4.68593e-13,
7.0289e-13,
7.0289e-13,
1.87437e-12,
7.09546,
4.72739,
1.7587,
-5.07027,
16.475,
5.56583,
11.5601,
-20.5846,
9.77156,
2.53901,
-7.61188,
-2.89509,
-0.684668,
6.32271,
-3.9524,
7.86329,
-1.46087,
0.779251,
-0.544165,
2.40211,
0.578206,
2.25384,
0.420797,
0.710039,
-0.0841454,
2.47102,
-3.56343,
4.31512,
2.05218,
25.2324,
181.238,
-117.784,
-54.5474,
32.1462,
96.656,
9.4088,
-37.5204,
55.4471,
98.7403,
6.80339,
-40.5618,
-44.7764,
59.5336,
-36.0948,
-67.938,
5.2088,
185.968,
-73.2271,
-107.623,
-93.83,
-72.9655,
89.0837,
-280.876,
-174.352,
-33.3954,
152.268,
-1376.09,
-27.5714,
1624.34,
-34.4931,
3.44269,
1.52385,
-21.0091,
14.8168,
10.212,
-0.568864,
-35.4425,
18.2968,
10.1917,
4.70999,
-6.75449,
-2.22315,
7.74051,
-0.397035,
-11.7802,
0.354861,
11.2385,
-11.9688,
-24.133,
-2.63955,
14.7771,
-2.59031,
-15.415,
-5.77422,
18.9988,
-5.95841,
-32.8309,
-0.187077,
12.3083,
-0.675119,
-17.972,
-0.167684,
12.858,
-2.77263,
-16.0472,
-3.56781,
19.1811,
-8.44017,
-29.6957,
-4.33807,
15.7418,
-6.13915,
-19.3175,
-6.50639,
-19.1473,
3.38395,
27.8519,
-3.29261,
-31.9399,
5.78709,
46.6696,
-5.56547,
-43.4971,
-82.2955,
-31.4635,
-81.36,
-39.1369,
-7.8035,
12.5499,
-32.3971,
-91.4847,
-3.99677,
79.4687,
13.1151,
-46.3933,
0.000754156,
44.9641,
4.45423,
-50.1209,
-6.10059,
28.3439,
17.8053,
-55.0887,
-47.8545,
-8.37448,
16.899,
-26.9259,
-36.8304,
-13.6897,
4.82008,
-63.1644,
-53.7213,
0.819388,
11.1986,
-63.4778,
-40.6054,
27.1922,
-0.587538,
8.42745,
3.85041,
-28.9908,
20.0211,
9.43866,
7.55583,
-23.2599,
17.3396,
3.00945,
7.87912,
-23.2288,
23.5457,
41.718,
9.3234,
-23.9285,
-11.4359,
21.6866,
37.1692,
-30.2904,
40.7628,
14.6694,
11.0559,
-42.1436,
32.8614,
8.43307,
32.0546,
-24.0744,
43.5483,
2.24963,
12.9213,
-24.383,
31.5032,
-5.17408,
38.2261,
-41.8694,
78.3977,
22.9342,
-25.3617,
-31.1882,
11.4351,
20.2968,
6.08273,
-0.523191,
25.7984,
21.5605,
-7.00085,
-10.3582,
3.4389,
39.2013,
-9.85459,
-8.3974,
-46.4886,
4.33742,
-4.27864,
-0.923854,
-22.4955,
-4.64149,
-12.726,
-12.5492,
3.90526,
0.902028,
-19.7107,
-12.2099,
-29.9029,
-33.2351,
-0.223684,
13.3175,
-26.4756,
3.55503,
-10.4726,
-2.85068,
-44.2667,
2.35464,
-1.49248,
-0.356471,
-13.7841,
0.894795,
1.28425,
3.13473,
-19.6337,
-4.70107,
-22.455,
-21.3189,
1.34604,
-0.370289,
-37.4448,
-31.4296,
-19.564,
10.5185,
-9.41495,
-15.958,
11.1768,
-0.281057,
-26.9426,
-28.9236,
6.19422,
-11.1317,
-16.6254,
-19.6124,
19.865,
-11.608,
-21.9686,
-26.735,
25.5726,
-23.9295,
-11.7177,
-20.004,
49.3381,
74.0227,
-11.0193,
-23.9124,
-3.22771,
38.415,
3.26282,
-1.67545,
-10.1704,
8.97281,
9.45763,
8.06315,
-0.172467,
-57.7107,
36.769,
44.4261,
13.1628,
-43.945,
-35.583,
-26.6017,
-18.6355,
12.0022,
12.2111,
10.0461,
1.72795,
3.46115,
11.976,
11.2804,
0.9933,
-7.86777,
-2.22309,
-1.47002,
2.54891,
-20.0541,
-7.81515,
-5.71963,
5.51047,
-11.522,
2.10251,
2.35529,
9.78502,
-7.9985,
13.2708,
13.599,
5.83867,
-15.6629,
10.0521,
15.5667,
-28.2636,
-10.9518,
-3.79531,
12.9921,
-73.5773,
-27.3879,
-10.4718,
-3.8665,
-13.6158,
-28.7488,
-3.44875,
-0.453928,
-2.89163,
89.8142,
93.9151,
38.3623,
41.247,
134.661,
55.5711,
-0.559346,
12.3139,
96.8845,
70.3618,
26.2734,
10.4845,
-11.0079,
123.259,
112.004,
40.7706,
-0.718142,
1.126,
1.3015,
-1.21243,
0.509691,
0.885765,
0.969526,
-1.42468,
-1.87717,
2.7914,
3.01586,
-0.474755,
-1.04264,
-0.517257,
-0.455381,
-0.0119604,
-1.60686,
-1.00045,
-0.884289,
-0.367835,
-1.35907,
-0.745384,
-0.647072,
-0.313332,
-1.83935,
-0.706455,
-0.620738,
0.380822,
-0.802001,
-0.402554,
-0.351596,
-0.0718511,
-0.655309,
0.102973,
0.109041,
0.551028,
2.54599,
2.15091,
2.01398,
1.73176,
-0.576654,
0.372188,
0.241281,
4.11594,
-3.99416,
-0.606081,
-0.588754,
3.66795,
2.67832,
4.71922,
4.0846,
6.53133,
4.35993,
2.62858,
2.02766,
5.28065,
11.3023,
9.64181,
8.19549,
7.65147,
-1.89253,
-1.64362,
-1.54159,
-0.194876,
-1.63389,
1.7268,
1.7135,
1.89881,
-11.4704,
-21.0293,
-18.0811,
-35.7298,
-2.70753,
1.68964,
1.62856,
3.90507,
-1.06235,
1.0967,
1.05387,
1.95616,
-1.80945,
2.32899,
2.27,
2.99764,
-79.003,
25.4052,
72.411,
-34.8063,
-93.8353,
-90.6361,
-0.88957,
-46.4787,
-43.7442,
-64.3494,
37.9126,
-149.541,
12.5444,
-10.5948,
-5.53443,
-41.0748,
8.74651,
-10.6155,
-4.37546,
-43.7216,
9.14675,
-5.00236,
-1.3403,
-29.6824,
-5.89924,
-12.6996,
-7.6202,
-23.2123,
18.9975,
-13.5142,
-11.6912,
-29.4867,
-0.60626,
1.78699,
1.59403,
0.741901,
1.73311,
1.7093,
0.451655,
-0.855123,
2.37909,
0.883685,
0.955015,
-2.42896,
-4.02493,
2.09885,
4.27506,
2.4841,
-1.16869,
1.01983,
-0.378371,
2.1573,
13.0997,
4.02046,
-11.6754,
-2.14475,
24.7163,
-11.4455,
-29.1996,
-12.3433,
17.9755,
-10.8583,
-27.2368,
-6.62098,
-3.37071,
5.44057,
24.0099,
-9.56364,
-11.6771,
3.50609,
27.5638,
-5.02982,
42.9096,
7.4354,
-4.07004,
-35.0256,
-3.00197,
-14.9629,
-20.0857,
6.62185,
13.2386,
-6.61377,
-14.1225,
-7.9759,
8.20301,
-2.94195,
-18.3319,
2.55589,
15.2862,
-4.39881,
-32.3615,
4.2725,
19.59,
-7.53584,
-27.9241,
-5.38186,
19.1539,
-9.30236,
-42.2449,
3.71506,
21.2269,
-4.39898,
-46.2713,
7.91015,
9.97785,
-3.84748,
-27.9475,
6.85097,
-1.38775,
-4.45937,
24.7545,
-92.5359,
-7.84862,
1.58137,
25.0815,
-61.6792,
-52.1882,
-41.9174,
-22.7459,
0.925424,
-23.5624,
-43.2566,
-34.3905,
-0.236725,
-34.1502,
-45.5661,
-38.3074,
13.8879,
-9.74682,
-41.6485,
-36.283,
-6.17776,
-17.9429,
-51.7757,
-29.5496,
-49.2335,
-17.4805,
-30.8306,
-24.9731,
-0.735535,
33.948,
65.583,
13.6849,
20.5779,
7.95184,
38.6857,
38.9854,
-8.23428,
18.1601,
0.154347,
8.35424,
-26.2193,
11.4473,
7.87021,
9.92821,
-13.4956,
53.212,
18.5761,
-10.4477,
-23.4603,
12.137,
11.0255,
-15.5149,
10.3727,
0.759672,
16.3918,
-1.34375,
13.8258,
9.23615,
-6.49762,
-26.55,
7.72931,
11.0941,
1.147,
-25.7141,
11.1361,
6.12885,
-2.00201,
-22.6507,
10.4026,
4.54372,
10.8976,
-17.6833,
18.4378,
10.0446,
-7.93229,
-6.80813,
-17.2337,
19.5478,
-13.295,
-13.4434,
-18.6149,
8.81402,
-8.63777,
-9.46632,
-3.47593,
9.06065,
-11.1323,
-10.7727,
-11.3263,
2.75036,
-1.67569,
-0.0157898,
-14.6956,
7.21998,
-10.2113,
-12.0568,
5.75346,
-11.0838,
-19.649,
-18.1049,
6.53159,
-12.8447,
-3.49979,
1.57854,
-3.1164,
-12.4784,
-1.82297,
-1.37721,
11.0611,
16.8887,
4.23992,
1.65841,
-0.231066,
5.47569,
3.49423,
2.61961,
0.276864,
3.11287,
1.69594,
1.24562,
-0.101566,
5.63506,
1.66815,
0.840208,
-0.11947,
6.59954,
4.32264,
3.28402,
0.21591,
2.88042,
1.56515,
1.12633,
0.0792277,
4.26599,
4.92498,
4.2805,
-0.00359822,
-19.2217,
-4.32437,
-1.95387,
-5.09757,
-15.4387,
4.92888,
8.04342,
-11.9871,
-24.0494,
8.09446,
11.3112,
-6.74694,
-5.41084,
-0.868886,
1.15479,
-12.5918,
183.457,
68.3282,
17.4402,
-18.3326,
93.469,
98.7536,
57.1659,
24.9055,
164.765,
117.029,
77.478,
-33.122,
150.613,
118.006,
70.6407,
-11.2701,
219.943,
111.693,
72.102,
-82.7246,
21.2918,
192.219,
188.527,
-9.9764,
-0.229019,
-0.0756203,
-0.0674358,
-0.00440846,
-0.449039,
0.426548,
0.43237,
0.286804,
-0.243164,
-0.242983,
-0.236317,
0.0534887,
1.34883,
1.31133,
1.31078,
-1.3346,
1.12652,
0.171235,
0.145239,
-0.471731,
-3.77943,
2.09623,
2.22581,
1.20902,
0.743765,
0.835573,
0.788518,
0.822317,
0.583078,
0.858276,
0.819022,
0.7085,
1.20061,
0.968628,
0.912629,
0.650483,
0.182592,
0.977865,
0.931402,
1.28886,
-2.40213,
0.517599,
0.578814,
0.665316,
0.0863535,
0.0522555,
0.0313771,
0.509965,
0.056823,
-0.104591,
-0.0969794,
-0.318365,
-0.32778,
-0.898285,
-0.846442,
-1.44602,
-5.42875,
-7.10769,
-6.65243,
-4.92333,
-1.45844,
-0.985255,
-0.841552,
-1.53083,
-1.40593,
3.39696,
3.0585,
6.39849,
-8.68679,
-0.787602,
-0.680866,
7.07443,
-1.12222,
-0.0607398,
-0.222882,
3.75948,
-21.2189,
-4.9435,
-3.49596,
3.19077,
0.110684,
9.22052,
9.47295,
-2.84087,
-1.5478,
1.11283,
1.1475,
1.08168,
-0.316441,
-1.476,
-1.92205,
6.15414,
7.45318,
1.47614,
0.242309,
5.50991,
3.71504,
8.88987,
7.30368,
14.6302,
-2.49704,
0.771693,
0.808914,
1.75917,
-2.3768,
1.39738,
1.34988,
3.31789,
-2.93598,
-0.338231,
-0.337892,
2.92957,
-3.36186,
-1.97706,
-1.86367,
1.12558,
-0.821083,
-0.106262,
-0.146156,
1.63072,
0.639849,
3.01092,
2.8264,
3.04199,
-2.65305,
2.97232,
2.89851,
4.11522,
-0.694017,
2.6676,
2.54934,
3.07987,
-2.06578,
0.810909,
0.792221,
2.49219,
0.590521,
0.730352,
0.714898,
-0.257229,
3.67962,
2.64773,
2.4187,
1.84745,
-0.28784,
2.08445,
1.82797,
5.73578,
-1.42353,
-3.55169,
-3.56643,
1.69742,
-1.16473,
-2.99663,
-2.89233,
-0.839241,
-7.37973,
-5.2409,
-4.58835,
-4.24177,
-5.29396,
-4.99713,
-4.63872,
-1.67334,
-5.95705,
-1.16193,
-0.778392,
-2.13099,
-6.00014,
-7.51858,
-6.0626,
-21.7576,
-7.69889,
-6.63906,
-6.03687,
-2.6244,
-6.8535,
-2.56378,
-2.43936,
4.60008,
0.933391,
-0.0430355,
-0.0655478,
-0.318652,
2.09554,
0.454063,
0.448957,
-1.95796,
-1.23272,
2.49981,
2.33884,
4.3438,
-0.0739409,
1.1299,
0.956677,
3.28579,
-2.18488,
2.85332,
2.60465,
6.53661,
-4.01178,
0.284335,
0.247428,
4.68374,
-0.0013958,
1.93193,
1.80898,
2.55572,
2.40825,
0.785995,
0.565332,
2.4086,
2.36781,
3.11637,
2.82829,
3.35903,
-0.094106,
2.01052,
1.83819,
3.61153,
3.61641,
1.49554,
1.29793,
0.880354,
8.09096,
0.701244,
0.31523,
1.19712,
3.23354,
-0.315738,
-0.513561,
1.54226,
9.2175,
2.90457,
-10.3589,
0.163639,
3.61147,
5.84496,
-12.88,
10.4519,
4.356,
1.2661,
-20.5063,
12.2718,
4.07624,
-1.59588,
-19.7186,
9.23086,
11.0093,
1.74981,
-13.3647,
-0.247634,
-7.521,
29.8992,
5.63189,
27.6895,
30.0245,
28.8681,
-4.24862,
1.57546,
20.3195,
54.3487,
26.6436,
5.93283,
-29.1398,
15.6438,
27.5265,
18.7808,
-2.06892,
18.1058,
17.1326,
2.87866,
-7.33048,
42.5972,
38.2941,
11.2211,
11.8153,
28.6203,
23.2492,
-6.74426,
-2.25821,
-25.7834,
-23.8187,
-3.38928,
-5.54729,
-14.3934,
-8.87125,
-11.3661,
-9.65816,
-26.1063,
-17.5846,
-13.4969,
-2.89622,
-15.4045,
-13.1442,
-3.33568,
-2.44309,
-2.30595,
5.26259,
-21.9379,
-3.02582,
-5.74796,
-4.93307,
0.497326,
-28.0872,
3.09759,
6.47492,
-6.08223,
-23.6918,
8.44484,
12.6701,
-15.1155,
-15.5718,
-1.70186,
1.07391,
-10.2815,
-0.92634,
-0.0151162,
0.0144854,
0.107866,
-0.929576,
1.82131,
1.87579,
-0.520862,
0.440049,
0.696526,
0.712239,
-0.848035,
-0.756756,
-0.344757,
-0.313746,
-0.126939,
-2.6729,
-0.337213,
-0.231045,
-0.266299,
-0.790277,
0.126951,
0.166322,
-0.307788,
0.430439,
1.07224,
1.09818,
-1.06583,
-3.86575,
1.20626,
1.37627,
-0.0990268,
-0.927963,
0.387998,
0.478512,
-1.40934,
-1.37284,
1.05021,
1.1248,
-0.522727,
-2.33668,
0.57395,
0.706679,
-0.590219,
-3.51965,
-2.39643,
-2.28665,
0.195728,
-0.393783,
-0.463942,
-0.420158,
-1.09847,
-0.734636,
-2.61103,
-2.34807,
-8.03845,
-0.9935,
-1.69066,
-1.63337,
-0.913333,
0.35999,
0.968371,
0.909885,
1.50942,
-1.37749,
-0.117025,
-0.146535,
2.26838,
-0.53799,
0.584273,
0.554478,
1.49509,
-0.979262,
-0.356023,
-0.346652,
0.68528,
-0.626579,
0.118802,
0.101153,
1.20562,
-2.25195,
-0.854158,
-0.852081,
2.1856,
2.00964,
-0.505834,
-0.541853,
-1.03466,
-0.0433655,
1.27759,
1.3577,
-2.1079,
-1.73461,
-1.5413,
-1.59925,
2.88753,
-3.1123,
-2.08119,
-1.99172,
1.3458,
-2.50955,
-2.14017,
-2.08051,
1.33775,
-1.71444,
-2.22984,
-2.19549,
1.02544,
-2.78106,
-2.7586,
-2.66983,
0.983799,
-1.74241,
-2.00902,
-1.96689,
0.892775,
-0.441646,
0.854085,
0.900502,
-0.847141,
5.44002,
3.48648,
-12.7902,
6.81103,
23.2177,
3.67505,
-27.4843,
-0.974839,
15.8142,
0.278946,
-30.0586,
7.77893,
0.168016,
1.43432,
1.38803,
0.841187,
-1.57308,
1.02823,
1.06353,
0.797858,
-0.107466,
-0.0229334,
0.00162061,
-0.469025,
0.931163,
0.903217,
0.854667,
0.208705,
0.555019,
0.408442,
0.360507,
0.546051,
2.72052,
-0.631846,
-0.60379,
-3.44505,
1.2328,
-2.24607,
-2.40946,
3.0083,
2.01072,
-1.9928,
-2.09099,
0.597217,
2.0888,
-1.86065,
-1.96734,
0.754717,
-2.44811,
1.89523,
2.03143,
-1.35562,
-0.349913,
0.52965,
0.652757,
-2.98271,
-4.64636,
4.5529,
4.92239,
-5.66067,
0.678835,
1.07288,
1.08485,
-1.00599,
-0.452405,
0.793589,
0.81697,
-0.19587,
1.68147,
-2.30273,
-2.36098,
-0.233502,
1.56722,
-1.18299,
-1.26433,
0.480014,
0.956002,
-2.80126,
-3.03123,
4.4297,
1.09411,
-0.866399,
-0.958683,
0.930431,
0.751549,
-0.261255,
-0.209236,
-2.0097,
-1.22135,
-1.97893,
-1.94671,
0.505334,
-1.34682,
-1.20454,
-1.11603,
-0.57827,
-4.53559,
-3.02738,
-2.76386,
-1.27171,
-0.673754,
-2.86936,
-2.58555,
-6.17283,
